-- MySQL dump 10.13  Distrib 5.7.12, for Win64 (x86_64)
--
-- Host: 127.0.0.1    Database: news_db
-- ------------------------------------------------------
-- Server version	5.7.14-log

/*!40101 SET @OLD_CHARACTER_SET_CLIENT=@@CHARACTER_SET_CLIENT */;
/*!40101 SET @OLD_CHARACTER_SET_RESULTS=@@CHARACTER_SET_RESULTS */;
/*!40101 SET @OLD_COLLATION_CONNECTION=@@COLLATION_CONNECTION */;
/*!40101 SET NAMES utf8 */;
/*!40103 SET @OLD_TIME_ZONE=@@TIME_ZONE */;
/*!40103 SET TIME_ZONE='+00:00' */;
/*!40014 SET @OLD_UNIQUE_CHECKS=@@UNIQUE_CHECKS, UNIQUE_CHECKS=0 */;
/*!40014 SET @OLD_FOREIGN_KEY_CHECKS=@@FOREIGN_KEY_CHECKS, FOREIGN_KEY_CHECKS=0 */;
/*!40101 SET @OLD_SQL_MODE=@@SQL_MODE, SQL_MODE='NO_AUTO_VALUE_ON_ZERO' */;
/*!40111 SET @OLD_SQL_NOTES=@@SQL_NOTES, SQL_NOTES=0 */;

--
-- Table structure for table `categories`
--

DROP TABLE IF EXISTS `categories`;
/*!40101 SET @saved_cs_client     = @@character_set_client */;
/*!40101 SET character_set_client = utf8 */;
CREATE TABLE `categories` (
  `category_id` int(11) DEFAULT NULL,
  `subcategory_id` int(11) NOT NULL AUTO_INCREMENT,
  `name` varchar(45) NOT NULL,
  PRIMARY KEY (`subcategory_id`),
  UNIQUE KEY `category_id_UNIQUE` (`subcategory_id`),
  UNIQUE KEY `name_UNIQUE` (`name`),
  KEY `fk_category_idx` (`category_id`)
) ENGINE=InnoDB AUTO_INCREMENT=45 DEFAULT CHARSET=utf8;
/*!40101 SET character_set_client = @saved_cs_client */;

--
-- Dumping data for table `categories`
--

LOCK TABLES `categories` WRITE;
/*!40000 ALTER TABLE `categories` DISABLE KEYS */;
INSERT INTO `categories` VALUES (NULL,1,'World'),(NULL,2,'Bulgaria'),(2,3,'Politics'),(2,4,'Education'),(2,5,'Sofia'),(NULL,6,'Sport'),(6,7,'Football'),(6,8,'Volleyball'),(6,9,'Tennis'),(6,10,'Other Sports'),(NULL,11,'Health'),(NULL,12,'Business'),(NULL,13,'Technologies'),(11,14,'Beauty'),(11,16,'Treatment'),(11,17,'Nutrition'),(11,18,'Other About Health'),(12,19,'Economics'),(12,20,'Finances'),(12,21,'Agronomy'),(12,22,'Other Business'),(13,23,'Science'),(13,24,'Innovations'),(13,26,'IT-Technologies');
/*!40000 ALTER TABLE `categories` ENABLE KEYS */;
UNLOCK TABLES;

--
-- Table structure for table `comments`
--

DROP TABLE IF EXISTS `comments`;
/*!40101 SET @saved_cs_client     = @@character_set_client */;
/*!40101 SET character_set_client = utf8 */;
CREATE TABLE `comments` (
  `comment_id` int(11) NOT NULL AUTO_INCREMENT,
  `news_id` int(11) NOT NULL,
  `user_id` int(11) NOT NULL,
  `text` text NOT NULL,
  `date` datetime NOT NULL,
  PRIMARY KEY (`comment_id`,`news_id`,`user_id`),
  KEY `fk_table1_News1_idx` (`news_id`),
  KEY `fk_Comments_Users1_idx` (`user_id`),
  CONSTRAINT `fk_Comments_Users1` FOREIGN KEY (`user_id`) REFERENCES `users` (`id`) ON DELETE NO ACTION ON UPDATE NO ACTION,
  CONSTRAINT `fk_table1_News1` FOREIGN KEY (`news_id`) REFERENCES `news` (`id`) ON DELETE NO ACTION ON UPDATE NO ACTION
) ENGINE=InnoDB AUTO_INCREMENT=150 DEFAULT CHARSET=utf8;
/*!40101 SET character_set_client = @saved_cs_client */;

--
-- Dumping data for table `comments`
--

LOCK TABLES `comments` WRITE;
/*!40000 ALTER TABLE `comments` DISABLE KEYS */;
INSERT INTO `comments` VALUES (14,59,34,'Ебаси имаме коментари вече!','2016-10-05 17:19:11'),(92,60,34,'we899eu8uq','2016-10-10 13:40:18'),(96,94,4,'sdgs','2016-10-10 15:44:31'),(97,59,4,'uwuifhsiurhfurh','2016-10-13 09:42:55'),(100,205,4,'sfkhashjfa\n','2016-10-15 14:21:10'),(103,280,4,'savdsvs\n','2016-10-16 12:54:31'),(104,256,4,'vdsvdsvsd','2016-10-16 12:54:37'),(105,263,4,'bdbdfbdf','2016-10-16 12:54:43'),(107,59,4,'fsfa','2016-10-16 13:01:38'),(108,282,4,'sfsfaa','2016-10-16 16:53:52'),(114,59,4,'ндндйфнфнф','2016-10-16 17:03:25'),(115,94,4,'тест','2016-10-16 17:04:25'),(120,60,38,'sdfsdfsdf','2016-10-16 18:15:27'),(121,82,40,'Браво Гришо ! Голям успех , гордеем се с теб!','2016-10-16 19:44:51'),(122,82,41,'Успех в следващата фаза !\n','2016-10-16 19:47:33'),(123,82,34,'Продължаваме напред още утре.','2016-10-16 19:50:35'),(124,82,4,'Дано победи и утре.','2016-10-16 19:51:10'),(125,294,40,'Всички видяха че нямаше дузпа.  ','2016-10-16 19:58:28'),(126,294,41,'Беше интересен мач.','2016-10-16 19:59:34'),(127,294,4,'Всичко приключваше при втори гол за Левски.','2016-10-16 20:00:19'),(128,294,34,'Минев : Нашите фенове доказаха, че са №1. Останах изненадан колко хора от Ловеч са дошли. Приятно съм изненадан. Пожелавам им приятен път към Ловеч. Дано няма произшествия\", каза Минев след мача.','2016-10-16 20:03:36'),(129,229,4,'Трябва по-бързо да се отзовават на сигнали!','2016-10-16 20:05:28'),(130,229,40,'Ромите се подиграват със спешната помощ.','2016-10-16 20:06:36'),(131,229,41,'Трябва да се проявява разбиране.','2016-10-16 20:07:22'),(132,229,34,'Правят каквото им е по силите , но понякога не е достатъчно.','2016-10-16 20:08:13'),(133,300,34,'Професионалист , но много сложен човек като цяло.','2016-10-16 20:09:12'),(134,300,4,'Прекалено е надменен.','2016-10-16 20:09:28'),(135,300,41,'Голям треньор!','2016-10-16 20:10:50'),(136,300,40,'Нека дойде в България да го видим как ще се докаже като професионалист.','2016-10-16 20:12:30'),(137,301,40,'Няма как Джокович да бъде свален от първото място тази година.','2016-10-16 20:13:40'),(138,301,41,'Има шанс , има много време.','2016-10-16 20:14:43'),(139,301,4,'Джокович в момента е в най-добра форма от всички тенесисти.','2016-10-16 20:16:20'),(140,301,34,'Дано след време Григор стигне тяхното ниво.','2016-10-16 20:16:51'),(141,303,34,'Пламен Константинов е един от най-добрите ни играчи някога.','2016-10-16 20:17:59'),(142,303,4,'Дано успее да предаде опита си на младите. ','2016-10-16 20:18:32'),(144,303,41,'Ще успее и като наставник.','2016-10-16 20:20:41'),(145,303,40,'Дано успее да върне Матей Казийски.','2016-10-16 20:22:15'),(149,330,5,'Тази статия е много полезна. Благодаря!','2016-10-16 22:51:07');
/*!40000 ALTER TABLE `comments` ENABLE KEYS */;
UNLOCK TABLES;

--
-- Table structure for table `emails`
--

DROP TABLE IF EXISTS `emails`;
/*!40101 SET @saved_cs_client     = @@character_set_client */;
/*!40101 SET character_set_client = utf8 */;
CREATE TABLE `emails` (
  `id` int(11) NOT NULL AUTO_INCREMENT,
  `user_id` int(11) NOT NULL,
  `subject` varchar(500) NOT NULL,
  `text` text NOT NULL,
  `date` datetime NOT NULL,
  `is_readed` tinyint(1) NOT NULL,
  PRIMARY KEY (`id`),
  UNIQUE KEY `id_UNIQUE` (`id`),
  KEY `fk_user_id_idx` (`user_id`),
  CONSTRAINT `fk_user_id` FOREIGN KEY (`user_id`) REFERENCES `users` (`id`) ON DELETE NO ACTION ON UPDATE NO ACTION
) ENGINE=InnoDB AUTO_INCREMENT=9 DEFAULT CHARSET=utf8;
/*!40101 SET character_set_client = @saved_cs_client */;

--
-- Dumping data for table `emails`
--

LOCK TABLES `emails` WRITE;
/*!40000 ALTER TABLE `emails` DISABLE KEYS */;
/*!40000 ALTER TABLE `emails` ENABLE KEYS */;
UNLOCK TABLES;

--
-- Table structure for table `news`
--

DROP TABLE IF EXISTS `news`;
/*!40101 SET @saved_cs_client     = @@character_set_client */;
/*!40101 SET character_set_client = utf8 */;
CREATE TABLE `news` (
  `id` int(11) NOT NULL AUTO_INCREMENT,
  `title` text NOT NULL,
  `text` text NOT NULL,
  `date` datetime NOT NULL,
  `rating` int(11) DEFAULT '0',
  PRIMARY KEY (`id`)
) ENGINE=InnoDB AUTO_INCREMENT=358 DEFAULT CHARSET=utf8;
/*!40101 SET character_set_client = @saved_cs_client */;

--
-- Dumping data for table `news`
--

LOCK TABLES `news` WRITE;
/*!40000 ALTER TABLE `news` DISABLE KEYS */;
INSERT INTO `news` VALUES (59,'ЕК осигурява €108-те млн. за България без забавяне!','Тази седмица се очаква да бъдат подписани грантовите споразумения по отпуснатите 108 милиона евро от ЕС за овладяване на миграционния натиск по границите на България. Това съобщава председателят на Европейската комисия Жан-Клод Юнкер в писмо до министър-председателя Бойко Борисов, уведоми правителствената пресслужба.\r \r ОЩЕ ПО ТЕМАТА\r Брюксел към България: Парите не са за оградата!\r Изпратихме до ЕК искането за финансова помощ\r ЕК: Разполагаме със средства, воля за подкрепа на България\r Искаме 160 млн. евро от Брюксел за границите ни - незабавно\r В писмото си Юнкер предоставя актуализирана информация за действията на Комисията относно финансовата подкрепа, която България получи на срещата на Европейския съвет на 16 септември в Братислава.\r \r В резултат на интензивната съвместна работа плащанията ще бъдат осигурени без забавяне, включително и доставката на превозни транспортни средства, уточнява в писмото си Юнкер.\r \r „Комисията за оценка в момента разглежда и допълнителната сума от 52 милиона евро европейска помощ. Целта ни е да гарантираме, че ефектът от подкрепата ще бъде почувстван максимално бързо. Разчитам на пълно сътрудничество от страна на България за гарантиране на успешно изпълнение“, пише председателят на Европейската комисия.\r \r На 6 октомври еврокомисарят по миграцията, вътрешните работи и гражданство Димитрис Аврамопулос ще пристигне в България, за да участва заедно с министър-председателя Борисов в официалния старт на Европейската гранична и брегова охрана, отбелязва още Жан-Клод Юнкер.\r','2016-10-04 23:09:47',56),(60,'Гордостта на Плевнелиев: Не \"Голям шлем\", а...','Президентът Росен Плевнелиев обяви, че в петте години, през които е бил президент, е изминат пътя от \"Големия шлем\" до няколко смислени приоритета за България.\r\n\r\n\"Радвам се и се гордея, че в тези пет години изминахме пътя от \"Големия шлем\" с три руски проекта до няколко смислени приоритета за България - иновации, дуална система на образование, иновационни екосистеми, енергийна ефективност, либерализация и диверсификация\".\r\n\r\nТова каза президентът в слово пред годишната конференция на Глобалния предприемачески мониторинг в  България, съобщи БТА.\r\n\r\n\"Големият шлем\" е гордостта на предшественика на Плевнелиев, Георги Първанов, който през 2008 г. нарече така договарянето на \"Южен поток\", АЕЦ \"Белене\" и \"Бургас-Александруполис\".\r\n\r\nДнес Плевнелиев обясни, че допреди пет години нито един от зададените от него приоритети не е бил в дневния ред на обществото. Той допълни и че е съгласен с тезата, че президентът не е този, който управлява държавата, но е категоричен, че е този, който я представлява и може да задава смислени приоритети.\r\n\r\nВ изказването си Плевнелиев похвали развитието на стартиращите компании в България и на сектора \"информационни и комуникационни технологии\". Той обаче не пропусна да отбележи, че има нужда от качествен човешки капитал за компаниите.\r\n\r\nПрезидентът обобщи, че днес в информационните и комуникационните технологии са създадени 17 500 работни места, а секторът съставя 1,86% от БВП на страната. \r\n\r\nВ аутсорсинг индустрията са създадени над 35 000 работни места, автомобилният клъстер, създаден преди 4 години, днес има над 20 фабрики и над 25 000 работни места.\r\n\r\nПозитивна е тенденцията и за стартиращите компании. София е един от 10 града в света с най-благоприятни условия за стартиращи компании, според \"Форбс\".\r\n\r\nСъздадени са повече от 190 стартиращи компании на млади хора в България, над 50 от тези фирми генерират собствени приходи и създадоха 600 работни места.\r\n\r\nПлевнелиев обясни, че тази тенденция ще продължи, но има едно голямо условие, за което държавата е длъжник - тези компании имат нужда от качествен човешки капитал, от образовани млади хора.\r\n\r\nДържавата, за да подкрепи растежа на иновационната екосистема и предприемаческата култура в България, трябва да адресира именно това, каза президентът. Той отново посочи, че бъдещето на България се случва не на бойното поле, а в класните стаи.\r\n\r\nПрезидентът обобщи и свършеното - осигуряване на достъпно финансиране от еврофондовете, довело до това предприемачеството и финансирането на стартиращи компании на най-ранна фаза да се случи успешно, за разлика от други държави.\r\n\r\nТой напомни и важността от развитие на връзката \"държава-бизнес-университети\". \"Платформата, която събира всички заедно - компаниите, бизнеса, университетите, правителството, неправителствените организации, е първата екосистема в България и на Балканите - \"София тех парк\", припомни още президентът...\r\n\r\n','2016-10-05 01:34:11',58),(81,'Някои причини за загуба на вкуса','Загубата на вкуса може да бъде доста притеснитетелна и дори да доведе до развитие на депресия. Според изследователи тя върви ръка за ръка и със загубата на обоняние. Специалистите поясняват, че едва 5% от хората, които имат оплаквания, свързани със загуба на вкуса и обонянието, всъщност страдат от нарушено обоняние или вкус. \r  <br>\r  В действителност тези сетива могат да бъдат засегнати и от други състояния. Предлагаме някои от тях...\r  <br>\r  <b>Синдром на Сьогрен</b>\r  <br>\r  Това е автоимунно заболяване, което се характеризира със сухота в устата и очите. Синдромът на Сьогрен често е придружен и от ревматоиден артрит и е известно, че причинява мускулна болка и умора. Все пак, заболяването е по-скоро необичайна причина за загуба на вкуса. \r  <br>\r  <b>Хипотиреоидизъм</b>\r  <br>\r  Заболяването представлява понижена функция на щитовидната жлеза и е сравнително често срещано. Основната функция на хормона на щитовидната жлеза е поддържането на метаболизма. От данните на проучвания става ясно, че наличието на хипотиреоидизъм може да бъде и причина за загуба на вкуса.\r  <br>\r  <b>Инфекция на горните дихателни пътища</b>\r  <br>\r  Вероятно мнозина са забелязали, че, когато страдат от настинка или грип, се губи способността да усещаме вкуса на храната. Други видове инфекции на горните дихателни пътища, които също могат да доведат до този проблем, са синузит, бронхит и ларингит. В тези случаи загубата на вкуса е временна и проблемът се разрешава, щом инфекцията се излекува. \r  <br>\r  </b>Заболявания на венците и влошено здраве на устната кухина</b>\r  <br>\r  Възпалението и инфекциите в устата могат са сред причините за загуба на вкуса. Всички дентални проблеми и лоша устна хигиена са известни причини за сухота в устата.\r','2016-10-08 21:40:42',25),(82,'Гришо е на финал в Пекин!','Най-добрият български тенисист Григор Димитров се класира за финала на силния турнир в Пекин без игра. Това стана факт, след като неговият съперник Милош Раонич се отказа от участие на полуфиналите.\r\n<br>\r\nКанадецът изкълчи глезен вчера и днес от щаба му взеха решение да не се рискува със здравословното му състояние.\r\n<br>\r\nСпоред първите информации Раонич има частично разкъсани връзки в глезена си, а сутринта е опитал да тренира, но това се е оказало невъзможно.\r\n<br>\r\nВ спор за титлата първата ни ракета ще се изправи срещу Анди Мъри, който по-рано днес надделя над Давид Ферер.\r\n<br>\r\nТака заемащият 20-ото място в световната ранглиста Григор Димитров ще играе на финал на турнира в Пекин с награден фонд от 4,16 милиона долара.\r\n','2016-10-09 00:50:59',125),(94,'Етиопци триумфираха на маратона на София','Етиопци триумфираха на традиционния маратон на София, който се преведе днес.\r\n<br>\r\nГудета Бирату беше най-бърз по дистанцията от 42,195 километра по улиците в българската столица с време 2:15.44 часа, което е трето най-добро в историята на състезанието, съобщи БТА.\r\n<br>\r\nВтори на 11 секунди финишира сънародникът му Тефери Кебеде Балча, а трети на 35 секунди завърши Моузес Кибере от Кения.\r\n<br>\r\nОт българите най-добре се представи Илия Куцаров, който завърши шести за 2:28.25 часа.\r\nНационалната титла по маратон, обаче, защити състезаващият се за Евър (Варна) угандиец Исмаил Сенанджи, който се класира пети с 2:28.22 часа. Среброто взе Куцаров, а бронзът остана за Шабан Мустафа, финиширал седми в маратона на София за 2:29.59 часа.\r\n<br>\r\nМустафа пък заслужи титлата балкански шампион, като изпревари Хасан Тургут от Турция с 2:33.54 и Милош Милованович от Сърбия с 2:33.41.\r\n<br>\r\nПри жените триумфира Белайнеш Шифера Игезу от Етиопия за 2:39.39 часа, като така тя записа втора победа за сезона след триумфа си в маратона на Люксембург.\r\n<br><br>\r\nВтора на 31 секунди завърши Агнес Чебет от Кения, а трета остана друга етиопка Гелане Сенбете с 2:43.10 часа.\r\nОт българките най-добре се представи Радослева Симеонова, която завърши седма за 2:56.29 часа.\r\n<br>\r\nТака тя си осигури държавната титла в дисциплината и бронзовия медал от Балканското първенство.\r\nРегионална шампионка стана завършилата пета Сладжана Перунович (Черна гора) с 2:49.20 часа, а сребърна медалистка от Балканското първенство е шестата в маратона на София Николина Шущич (Хърватия) с 2:50.24 часа.\r\n<br>\r\nВ полумаратона Юсеф Сбаай (Мароко) беше най-бърз с 1:09.07 час, а от българите най-добре се представи Стоян Тевкелев, който се нареди пети с 1:11.12 час.\r\nПри жените Оливера Йевтич от Сърбия беше най-добра с 1:17.23 час, като изпревари точно с 2 минути Маринела Нинева. Трета е друга българка Даниела Йорданова с 1:23.55 час.\r\nНа 10.5 километра при мъжете пръв завърши Йоло Николов с 34.49 минути, а при жените спечели Диляна Минкина 39.13 минути.\r\n<br>\r\nВ маратона се включиха около 3000 бегачи на дистанциите от 3 км. масов старт, 10.5 км, 21.1 км и 42.195 км.\r\n<br>\r\nСъстезанието беше открито от министъра на спорта Красен Кралев и волейболната легенда Любо Ганев, а сред официалните гости бяха кметът на София Йорданка Фандъкова, председателят на БОК Стефка Костадинова, президентът на БФЛА и на Балканската лекоатлетическа федерация Добромир Карамаринов и шефът на Европейската федерация по лека атлетика Свен Арне Хансен.\r\n','2016-10-09 17:46:44',23),(177,'Trump faces more groping allegations','WARNING: This story contains graphic language.','2016-10-13 13:33:03',3),(178,'Bob Dylan wins  Nobel Prize for Literature','The 2016 Nobel Prize in Literature has been awarded to American singer-songwriter Bob Dylan, for \"having created new poetic expressions within the great American song tradition.\"','2016-10-13 14:01:00',0),(180,'Thailand\'s King Bhumibol Adulyadej: One of the world\'s longest-reigning monarchs, dies','King Bhumibol Adulyadej of Thailand, who died Thursday aged 88, reigned through an era of rising prosperity and frequent political turmoil.','2016-10-13 13:39:04',0),(181,'Suspect killed, two police officers critically injured in Boston shooting','A gunfight at a Boston home left one suspect dead and two police officers critically injured, police said.','2016-10-13 13:31:55',0),(182,'US and Russia now in unpredictable confrontation','It\'s not a new Cold War. It\'s not even a deep chill. It\'s an outright conflict.','2016-10-13 09:24:57',0),(183,'Syrian refugee in Germany \'attack plan\' kills himself','A Syrian refugee suspected of planning a bomb attack \"with Islamist motives\" on a Berlin airport has strangled himself to death with his shirt in detention, Saxony state justice officials said Thursday.','2016-10-13 10:10:35',0),(184,'This is the drug that\'s poisoning America','The United States is battling the biggest heroin epidemic in decades. CNN traveled the country to find the small towns fighting the war against it.','2016-10-13 14:33:26',0),(185,'Detective investigating NBA star found dead','Nadine Hernandez, a detective who was investigating sexual assault allegations against NBA star Derrick Rose, has been found dead in an apparent suicide, authorities said.','2016-10-13 01:54:25',1),(186,'Hillary Clinton might lose Ohio because she badmouthed coal','Many voters in Southern Ohio remember one thing about Hillary Clinton: She wants to kill coal. CNNMoney traveled around Ohio and found a lot of voters crossing party lines.','2016-10-13 08:07:34',4),(187,'Trump defends himself against allegations of groping women','Donald Trump hit back hard against \"vicious\" reports that he had allegedly groped women, saying they were \"pure fiction,\" \"outright lies\" and promised to provide evidence to prove they were untrue.','2016-10-13 19:03:44',0),(188,'Michelle Obama denounces Trump for \'bragging about sexually assaulting women\'','First lady Michelle Obama delivered Thursday an impassioned denunciation of Donald Trump, calling the recently unearthed comments by the Republican presidential nominee \"shocking\" and \"demeaning,\" and below \"basic standards of human decency.\"','2016-10-13 18:59:00',0),(190,'Ken Bone sells out for Uber','Ken Bone, America\'s favorite sweatered fashion icon and undecided voter, is now promoting Uber.','2016-10-13 01:09:44',0),(192,'Judge issues criminal summons against Christie','A criminal summons will be issued against New Jersey Gov. Chris Christie after a municipal court judge determined probable cause at a hearing Thursday regarding a citizen complaint related to the 2013 lane closures to the George Washington Bridge, according to a court spokesperson.','2016-10-13 17:09:24',0),(193,'With 100 days left, Obama looks to check some boxes','One hundred days before he leaves the Oval Office, President Barack Obama is showing few signs of fading into the White House woodwork.','2016-10-13 14:10:10',0),(194,'Trump gives America chance to correct course','Mike Kelly says that it would be tragic if, come 2020, Americans look back at another four wasted years and think those saddest of words: what might have been.','2016-10-13 20:07:08',0),(195,'911 operator arrested for hanging up on calls','A former 911 call center operator in Houston was arrested after allegedly hanging up on what could be thousands of callers, according to charging documents.','2016-10-13 20:00:32',0),(196,'London Zoo gorilla scare: Ape escapes enclosure','London Zoo staff working to contain gorilla which escaped its enclosure.','2016-10-13 18:23:49',1),(197,'First on CNN: Religious leaders slam Clinton campaign over emails','Catholic and evangelical groups slammed Hillary Clinton\'s campaign in a statement Thursday over comments revealed in the WikiLeaks emails hack between two high-level campaign officials.','2016-10-13 20:50:55',0),(198,'Trump\'s moment of reckoning','Donald Trump has reached his moment of reckoning -- and it is hard to imagine how his campaign will regain its footing with just 26 days to Election Day.','2016-10-14 02:33:30',0),(199,'Trump accuser: He touched me \'wherever he could find a landing spot\'','A woman who is alleging Donald Trump made unwanted sexual advances to her back in the 1970s told CNN Thursday the Republican presidential nominee touched her \"wherever he could find a landing spot.\"','2016-10-14 02:12:05',0),(200,'Ex-contestant: Trump inspected each woman before pageant','A former Miss USA contestant says Donald Trump personally inspected each woman prior to the contest to the point where it was \"the dirtiest I felt in my entire life.\"','2016-10-14 02:40:43',0),(201,'Jerry Falwell Jr.: Trump has email evidence proving accusers are lying','Liberty University President Jerry Falwell Jr., head of the world\'s largest evangelical campus, said Donald Trump told him he has email evidence proving women making accusations of touching them inappropriately and without consent are lying.','2016-10-13 22:40:49',0),(202,'Galaxy Note 7: Samsung\'s losses keep mounting','Samsung said it expects killing off the Note 7 to wipe out around $3.1 billion in operating profit over the next six months.','2016-10-14 12:32:44',0),(203,'Inside ISIS-held Mosul: Resistance eye battle','Inside ISIS-held Mosul, we speak to the resistance fighters defying occupation and preparing for a looming battle.','2016-10-14 00:24:04',0),(204,'Michelle Obama: The Clinton surrogate that could finish off Trump','Not only has Michelle Obama delivered two of the best speeches supporting Hillary Clinton during the 2016 campaign, she also provided the Democratic nominee\'s campaign its unofficial slogan.','2016-10-14 01:46:01',0),(205,'Swing-state polls show Trump path to WH narrowing','A trio of state polls released this week show Hillary Clinton\'s northern \"blue wall\" holding, as she carries commanding leads across a series of key states.','2016-10-13 21:38:45',2),(207,'United Airlines: Widespread computer problem delays travelers for hours','Travelers flying United late Thursday reported hours of delays after the airline was hit by a widespread computer problem.','2016-10-14 04:13:52',1),(208,'Donald Trump is running out of ways to win','Donald Trump cast himself in almost messianic terms Thursday in Florida, describing the presidential race as \"a struggle for the survival of our nation\" and vowing to win the White House despite all the \"slings and arrows\" being hurled in his direction.','2016-10-14 12:47:13',0),(209,'Donald Trump and the Breitbart election','Donald Trump\'s big speech on Thursday bore the clear mark of Steve Bannon, his campaign\'s CEO, and Breitbart News, the right-wing outlet of which Bannon was the chairman before taking leave to work for Trump.','2016-10-13 09:20:23',0),(210,'Donald Trump will bring back jobs? Pennsylvanians say, yeah right','Donald Trump \'must win\' Pennsylvania. He\'s going after the state\'s struggling blue collar workers, but CNNMoney finds his promise to bring back jobs isn\'t resonating deeply.','2016-10-14 08:00:20',0),(211,'Remembering Mosul ahead of battle with ISIS','A battle looms to retake Mosul from ISIS but few are talking about the aftermath. How will Iraq\'s second largest city rebuild and heal from years of bloodshed?','2016-10-14 01:59:19',0),(212,'Obama\'s response to Trump: \'Come on, man\'','Facing a seemingly endless presidential campaign, marked by a viciousness and vulgarity not seen in either of his own election contests, President Barack Obama has boiled his incredulity down to one phrase.','2016-10-14 17:52:18',0),(213,'Trump on Lindsay Lohan in 2004: \'Deeply troubled\' women are \'always the best in bed\'','Donald Trump said in a 2004 interview with Howard Stern about Lindsay Lohan that \"deeply troubled\" women are \"always the best in bed,\" according to a CNN KFile review of the appearance.','2016-10-14 11:39:01',0),(214,'Pence answers body image question with terror','When Mike Pence was asked to respond to an 11-year-old girl\'s questions about body image and female objectification, the Republican vice presidential nominee responded by talking about foreign policy.','2016-10-14 14:47:12',0),(216,'The American Dream: Minimum wage workers still buy it. The wealthy are skeptical','CNNMoney asked over 80 voters in swing states if they had lived the American Dream. Nearly everyone said yes. But wealthy, whites were the most fearful for their children\'s ability to live the dream.','2016-10-14 12:01:51',0),(217,'Ken Bone leaves seedy comment trail on Reddit','Ken Bone\'s 15 minutes of fame may be up after a discovery of questionable Reddit comments from the past.','2016-10-14 12:11:48',0),(218,'Woman accuses Trump of putting his hands under her skirt','Another woman is accusing Donald Trump this week of groping her without her consent, alleging in an interview that Trump slid his fingers under her skirt and touched her vagina through her underwear.','2016-10-14 19:21:18',0),(222,'Can Donald Trump win over women voters? - CNN Video','After the leaked 2005 tape of Donald Trump\'s lewd comments, Ivanka Trump is back on the trail to help him gain back women voters. CNN\'s Dana Bash reports.','2016-10-14 23:07:57',0),(223,'How Michelle Obama\'s speech came together','First Lady Michelle Obama grew incensed listening to the tape of Donald Trump telling a chortling interviewer he employed his fame as an excuse to assault women','2016-10-14 19:16:15',0),(224,'Before and after the North Carolina floods','Before Hurricane Matthew, eastern North Carolina had already seen flooding from heavy rainfall.','2016-10-14 17:41:04',1),(225,'Trump\'s insults embolden America\'s secret sexists (Opinion)','Donald Trump\'s sexist and racist insults are public validation of some of the most abhorrent prejudices and beliefs existing in our society, Laura Bates says.','2016-10-14 19:17:07',1),(226,'Obama to protester: Go to your own rally - CNN Video','President Obama addresses a protester at a rally in Cleveland, Ohio, for Hillary Clinton.','2016-10-15 00:27:36',0),(229,'Чул-недочул! Грешката на \"Бърза помощ\" струва човешки живот','Грешката, която забави линейката за болен човек в София вероятно е на диспечерното на нашия център\", призна шефът на \"Бърза помощ\" д-р Георги Гелев.\r <br>\r Окончателно обаче това щяло да стане ясно в неделя, когато ще бъдат на работа всички от смяната.\r <br>\r За да се види и прецени кой е виновен - дали 112 или \"Бърза помощ\" са изслушани звуковите файлове при предаването на сигнала.\r <br>\r В крайна сметка линейката е дошла след около 45 минути на мястото, а малко преди това 45-годишният мъж е издъхнал.\r <br>\r Dnes.bg публикува емоционално писмо на жената от Facebook, която е открила човека на улицата, звъняла е на 112, открила е неговите близки и заедно с тях станали свидетели на смъртта му.\r <br>\r Първоначално здравният министър Петър Москов обясни, че вината е на човека, повикал линейката. Москов се позова на доклад от тримата души в екипа, включително и диспечера, че е подаден погрешно сигналът, като в адреса е сбъркан номер 11 с номер 17, а при повторно подадения сигнал екипите са реагирали навреме.\r <br>\r \"Става въпрос за погрешно съобщен адрес. Не може да сбъркаш 11Б със 17А. Тук вината не е в екипите ни\", отсече Москов.\r <br>\r По-късно обаче се оказва, че не е точно така. \"След като проведохме разговори и поисках да бъдат изслушани всички звукови файлове от записите по повикването на конкретния адрес, стана ясно, че грешката е в приемането на адреса, а не в подаването на адреса\", каза зам.-здравният министър Ваньо Шарков.\r <br>\r Той допълни, че в този случай трябва да има наказан служител за допуснатата грешка.\r \r ','2016-10-15 00:53:22',63),(230,'2 additional women accuse Trump of sexual assault','WARNING: This story contains graphic language.','2016-10-14 21:48:51',0),(231,'Trump on sex assault allegations: \'I am a victim\'','Donald Trump on Friday called himself a \"victim\" as more women continued to come forward on Friday accusing him of sexual assault and harassment.','2016-10-15 01:15:31',0),(232,'Trump, comparing sex to Vietnam, said in 1998 he should receive the Congressional Medal of Honor','In a previously unreported 1998 interview with Howard Stern, Donald Trump compared sex to going to battle in Vietnam and joked he should be getting the Congressional Medal of Honor.','2016-10-14 05:51:01',0),(233,'Trump: I \'wasn\'t impressed\' when Clinton walked in front of me at debate','Donald Trump said Friday he \"wasn\'t impressed\" when Hillary Clinton walked by him at the presidential debate on Sunday.','2016-10-14 22:43:15',0),(234,'GOP must speak out over Trump\'s sexism','The Republican Party\'s embrace of Donald Trump is normalizing behavior we once rightfully condemned, writes Tara Setmayer.','2016-10-15 00:37:40',0),(235,'US aid worker kidnapped in Niger','Armed assailants have abducted a US aid worker from outside his home in Niger, killing his bodyguard and a police officer before fleeing north toward neighboring Mali, a Niger government source tells CNN.','2016-10-15 04:44:57',0),(236,'Israel suspends ties with UNESCO in spat over Jerusalem holy site','Israel suspends ties with UNESCO, the UN body in charge of preserving culture and history, after a draft decision that Israel says ignores Judaism\'s ties to the religion\'s holiest site.','2016-10-14 18:12:55',0),(237,'Conjoined twins separated and out of surgery','After 27 hours of surgery, twin boys Anias and Jadon McDonald -- born joined at the head 13 months ago -- began a new life apart on Friday.','2016-10-14 23:44:57',0),(238,'These women have accused Trump of sexual harassment','WARNING: This story contains graphic language.','2016-10-15 06:11:34',0),(239,'China set to free last Tiananmen prisoner','China is set to release the last known prisoner of the 1989 Tiananmen Square uprising, according to Dui Hua, a San Francisco-based human rights organization.','2016-10-15 06:21:51',0),(240,'Second storm barrels towards Pacific Northwest','The Pacific Northwest is bracing for a second storm aiming to pummel the coast Saturday with intense wind and rain.','2016-10-15 08:00:28',2),(241,'Nations agree landmark deal to cut potent greenhouse gases','Representatives from more than 200 member countries of the Montreal Protocol agreed on a deal to reduce the emissions of HFCs -- powerful greenhouse gases -- at a summit in Kigali, Rwanda.','2016-10-15 08:08:46',2),(242,'Syria: US, Russia, regional powers hold talks on conflict','Foreign ministers from Russia, the United States and key regional players are preparing to meet Saturday in the Swiss city of Lausanne for talks on the crisis in Syria.','2016-10-15 10:26:36',1),(243,'Iraqi PM on ISIS-held cities: We will go in soon','The countdown to retake the Iraqi city of Mosul from ISIS has begun, but the fight for Hawija -- another ISIS-controlled city in nearby Kirkuk province -- is among many other battles that are looming.','2016-10-15 09:53:32',5),(244,'Hurricane Matthew leaves town under water','North Carolina weather is picture perfect nearly a week after Hurricane Matthew unleashed  powerful winds and heavy rain fall on the state\'s east side.','2016-10-15 08:32:27',0),(245,'Voting third party or doing a write in looks increasingly attractive','Dan Mizener of Cleveland, Ohio, used to get a lot of flak for saying he\'s voting for Gary Johnson. Now friends are calling him asking a lot of questions.','2016-10-15 08:35:30',0),(246,'US aid worker kidnapped in Niger','Armed assailants abducted a US aid worker from outside his home Friday night in the West African nation of Niger, killing a police officer and a guard before fleeing west toward neighboring Mali, Niger\'s interior ministry said.','2016-10-15 13:39:19',0),(247,'US aid worker kidnapped in Niger','Armed assailants abducted a US aid worker from his home Friday night in the West African nation of Niger, killing a police officer and a guard before fleeing west toward neighboring Mali, Niger\'s interior ministry said.','2016-10-15 14:59:27',0),(248,'ISIS sends wounded from Mosul as battle looms','ISIS is telling its wounded fighters inside Mosul, Iraq, that they can leave for the Syrian city of Raqqa, a source inside Mosul tells CNN.','2016-10-15 14:54:00',0),(249,'Plot on Somalis in Kansas thwarted, feds say','3 men face domestic terrorism charges for an alleged plot to bomb a Kansas apartment complex occupied by Somali immigrants, the U.S. Department of Justice said.','2016-10-15 00:49:19',0),(250,'Actress on 2005 Trump tape: I was taken aback  - CNN Video','The actress on the 2005 Trump tape, Arianne Zucker, spoke with CNN\'s Anderson Cooper about what it was like when she saw the video for the first time.','2016-10-15 19:25:07',1),(251,'ISIS sending wounded from Mosul as battle looms','ISIS is telling wounded fighters inside Mosul, its last bastion of power in Iraq, they can go to the terror group\'s power base in Syria as Iraqi forces and others prepare to retake the key Iraqi city, a source inside Mosul tells CNN.','2016-10-15 16:13:14',0),(252,'Billy Bush, NBC near settlement that could be worth millions','Billy Bush is about to get millions of dollars from NBC to stop hosting the 9 a.m. hour of \"Today\" show.','2016-10-15 11:31:54',0),(254,'Trump: Drug test before the next debate - CNN Video','Donald Trump says that both candidates should take a drug test before the third and final presidential debate during a rally in Portsmouth, New Hampshire.','2016-10-15 20:13:47',3),(256,'US detects failed North Korean ballistic missile launch','US Strategic Command says its systems detected a failed North Korean ballistic missile launch Saturday evening near the northwestern city of Kusŏng.','2016-10-15 20:16:03',1),(257,'Trump calls for drug test ahead of next debate','Donald Trump suggested Saturday that his Democratic rival, Hillary Clinton, has been \"getting pumped up\" with performance-enhancing drugs and challenged Clinton to take a drug test before the final debate next week.','2016-10-15 17:58:34',0),(258,'Trump says EVERYTHING is broken, rigged, awful, a disaster','If you take Donald Trump at his word, making America great again is going to be quite a chore.','2016-10-15 18:46:51',0),(260,'vdssd','vdsvsd','2016-10-16 00:09:42',0),(261,'3 killed, 12 injured in LA restaurant shooting, police say','A shootout at a crowded house-based restaurant in southwestern Los Angeles on Friday night left three men dead and 12 other people injured, and investigators are trying to determine who fired, police said.','2016-10-15 18:44:28',0),(263,'WikiLeaks releases transcripts of Clinton Goldman Sachs speeches','WikiLeaks released Saturday what appear to be transcripts of Hillary Clinton\'s three paid speeches to financial heavyweight Goldman Sachs.','2016-10-15 23:21:02',1),(264,'Trump accuser says he kissed her twice','A former Miss USA contestant alleges that Donald Trump kissed her on the lips without her consent on separate occasions, adding her to the list of people who have accused the GOP nominee of sexual assault in recent days.','2016-10-15 19:23:30',0),(265,'New Trump accuser: GOP nominee grabbed, kissed me','Another woman stepped forward Saturday to accuse Donald Trump of sexual assault, saying he kissed her without her consent at his estate in Florida.','2016-10-15 22:13:50',0),(266,'Trump continues with attacks on accusers, \'rigged\' system','Donald Trump continued to warn his supporters Saturday that he believes the election is \"rigged,\" refuted allegations he groped and kissed women without their consent as \"total lies\" and argued they are part of a conspiracy to keep him from the presidency.','2016-10-15 21:23:28',0),(270,'advad','vavad','2016-10-16 02:54:58',0),(272,'Moody\'s потвърди кредитния рейтинг на България със стабилна перспектива','Силлната фискална позиция, устойчивата икономика и широкият дневен ред за реформи на България поддържат кредитния рейтинг на страната на равнище Baa2 със стабилна перспектива. Това сочи годишния доклад на рейтинговата агенция Moody’s, публикуван в петък.\r <br><br>\r Според помощник-вицепрезидента на Moody’s Марко Дзанинели, който е единият от авторите на изследването, кредитният рейтинг на страната е поддържан от дълговите показатели, които са относително благоприятни спрямо други страни с аналогичен рейтинг, както и от стабилизирането на нейната външна позиция.\r <br><br>\r От агенцията посочват още, че фискалната позиция на България е силна благодарение на високата устойчивост на сегашното равнище на съотношение на дълговете на страната и нейният брутен вътрешен продукт (БВП), както и заради ангажимента на властите за постепенно консолидиране на фискалните показатели, без да се вреди на икономическия растеж.\r <br><br>\r Moody’s прогнозира, че фискалната консолидация ще продължи през 2016 и 2017 г. Агенцията очаква бюджетният дефицит на страната да намалее до 1,3% от БВП през тази година и до 0,9% през следващата.\r <br><br>\r Съотношението дълг - БВП пък ще се повиши значително през 2016 г., преди да се стабилизира през следващата, а през 2018 г. - да намалява.\r <br><br>\r Освен това Moody’s прогнозира леко забавяне на реалния икономически растеж на България до 2,8% през 2016 и 2017 г. спрямо 3,6% през 2015 г. Почти стабилният или леко благоприятен, но по-малък от предишните прогнози, очакван икономически растеж на търговските партньори на страната от Европейския съюз вероятно ще й помогне да продължи да увеличава своя износ. Но очакванията на агенцията са, че темповете на нарастване на износа могат да са по-ниски от тези на повишаване на вноса.\r <br><br>\r Правителството на България е ускорило своята програма за структурни реформи и е постигнало напредък в области като здравеопазването, правосъдието, банковото дело, енергетиката и образованието, посочва Moody’s. Според нея това сигнализира за връщане към политическата стабилност, което ще подкрепи реалния ръст на БВП.\r <br><br>\r Moody’s очаква дългът на България да нарасне до малко над 26,5% от БВП през 2016-2017 г., а през 2018 г. да започне да намалява.\r <br><br>\r Стрес тестовете, проведени от Българската народна банка, показват силна капиталова позиция и устойчивост на шокове от хипотетични негативни макроикономически развития в банковата система, допълва агенцията. Тя очаква този резултат да възстанови доверието във финансовата система на страната.\r \r ','2016-10-16 03:06:26',3),(274,'USS Mason fired on again','The Navy destroyer USS Mason, operating in the Red Sea, has again been fired upon by missiles from what the US believes are Houthi rebels operating from positions in Yemen.','2016-10-16 00:08:18',0),(276,'Dennis Byrd, former New York Jets player, dies in car crash','Dennis Byrd, a former New York Jets player who learned to walk again after a paralyzing on-field injury, died Saturday in a car wreck outside Tulsa, Oklahoma.','2016-10-16 05:50:50',0),(277,'Peter Thiel donating $1.25 million to Donald Trump\'s campaign','Peter Thiel, the billionaire PayPal cofounder, is donating $1.25 million to Donald Trump\'s campaign.','2016-10-15 11:27:13',0),(278,'Clinton campaign discussed ways to refute rape accuser\'s claims','After Juanita Broaddrick tweeted in January that former President Bill Clinton raped her, Clinton\'s attorney, David Kendall, and Hillary Clinton\'s campaign chairman, John Podesta, held a call to talk about the case and evidence that could be used to refute the allegations, according to hacked emails released by WikiLeaks.','2016-10-15 23:33:20',0),(279,'Truck plunges off bridge into crowded park killing four','A pickup truck swerved off a bridge and plummeted about 60 feet, killing four people who had been below at a San Diego park.','2016-10-16 06:37:00',0),(280,'Iraqi leaflets in Mosul warn of ISIS battle','The Iraqi Air Force dropped thousands of leaflets over Mosul on Saturday night to warn residents of a looming offensive on the ISIS-held city.','2016-10-16 07:26:12',1),(281,'Donald Trump\'s \'rigged\' election claim targets the media','Republicans have complained about liberal media bias for years. But Donald Trump is taking that argument to extreme lengths.','2016-10-15 08:34:43',0),(282,'Egypt launches \"revenge\" airstrikes on ISIS','Egypt has launched airstrikes on \"terrorist positions\" in the Sinai peninsula \"to avenge the blood\" of soldiers killed in an attack on a military checkpoint.','2016-10-16 10:08:49',3),(283,'\'Saturday Night Live\' mocks second Trump and Clinton debate','\"Saturday Night Live\" opened with a rematch of Alec Baldwin\'s Donald Trump taking on Kate McKinnon\'s Hillary Clinton in a presidential debate.','2016-10-16 12:31:02',2),(284,'\'SNL\' spoofs awkward debate moments  - CNN Video','\"Saturday Night Live\" featured a funny spin on the Presidential candidates behavior during the second debate. CNN\'s Brian Stelter has more.','2016-10-16 14:39:19',14),(285,'Potomac River speedboat crash kills 2','Two men are dead after a speedboat accident on the Potomac River, authorities said.','2016-10-16 08:36:53',0),(286,'Donald Trump thinks SNL is rigging the election and should be canceled','Donald Trump thinks that even \"Saturday Night Live\" is part of a vast media conspiracy to bring down his presidential candidacy.','2016-10-16 09:04:45',0),(288,'Clinton leads Trump, two new polls show','Hillary Clinton is leading Donald Trump nationally among likely voters -- but two new polls diverge on the size of her lead.','2016-10-16 15:20:46',0),(290,'Giuliani: Dead people tend to vote Democrat  - CNN Video','CNN\'s Jake Tapper and former New York City Mayor Rudy Giuliani discuss the Republican nominee Donal Trump\'s assertion that the election is rigged.','2016-10-16 18:42:27',3),(291,'Giuliani on rigged election: \'Dead people generally vote for Democrats\'','Top Donald Trump adviser Rudy Giuliani claimed Sunday that Democrats could steal a close election by having dead people vote in inner cities, while vice presidential candidate Mike Pence said the ticket will \"absolutely accept the result of the election.\"','2016-10-16 15:36:46',0),(292,'Как да си направите дезинфектант за ръце?','В свят, изпълнен с бактерии и мръсотии е важно да поддържаме ръцете си чисти. Но невинаги имаме достъп до топла вода и сапун. Ето защо дезинфектантите за ръце са добър избор в тези случаи.\r\n<br><br>\r\nКупешките дезинфектанти за ръце обаче често имат силен и прекалено натрапчив мирис, поради съставките и агресивните алкохоли в тях. Тези формули обикновено не са особено щадящи кожата на ръцете и могат да предизвикат сериозни раздразнения, най-вече при деца и хора с чувствителна кожа.\r\n<br><br>\r\nЕто защо можете да си направите суперефективен, благоуханен и полезен домашен дезинфектант за ръце с етерични масла. Те имат антибактериални, антивирусни и противогъбични свойства.\r\n<br><br>\r\nКои са нужните съставки:\r\n<br><br>\r\n9-10 капки етерично масло от лавандула\r\n20 капки масло от чаено дърво\r\n1 супена лъжица водка\r\n200 г гел от алое вера\r\n¼ чаена лъжичка витамин Е (от ампула)\r\n','2016-10-16 19:06:40',1),(293,'Хрема – как да я лекуваме, за да избегнем усложненията?  ','Не подценявайте ринита и не отлагайте лечението му. Важно е от самото начало имунната система да се подкрепи с правилните грижи, за да може да се справи с причинителя.\r\n<br><br>\r\nОстрият ринит е свързан обичайно с вирусни инфекци на горните дихателни пътища, които може да са съпроводени с повишаване на температурата, обща отпадналост, възпаление на средното ухо и др. При спад на имунитета и неправилно лечение ринитът може да премине в хроничен или да се стигне до вторична бактериална инфекция. Затова обърнете внимание на следните признаци за възникване на усложнения: секретите стават плътни, гнойни, променят цвета си към жълт или жълто-зеленикав, болният поддържа висока температура и се оплаква от тежест и болка в областта на синусите. \r\n <br><br>\r\nДа облекчим симптомите\r\n <br><br>\r\nКакво представляват острите симптоми при респираторните инфекции? Всъщност те са отбранителната реакция на организма, който включва в действие защитните си сили. Въпреки че са неприятни за болния, повишената температура, хремата, кашлицата са знак, че организмът се бори с навлизащите вредители. Така че тези симптоми са полезни и неизбежни.\r\nВисоката температура например не е заболяване сама по себе си. Тя показва, че тялото реагира на атаката на болестотворни вредители и мобилизира защитните си сили. Важно е да се знае, че повишената температура (особено при децата) не е задължително да бъде индикация за тежко заболяване. Тя е знак, че имунната система на детския организъм реагира бързо и силно. От друга страна по-малките деца (най-вече в първата година от живота си), и по-възрастните хора реагират особено чувствително на този процес и при по-дълго протичане на болестта и влошено общо състояние са препоръчителни редовните контролни прегледи при лекаря. \r\n<br><br>\r\nПри лечение на остри инфекции на горните дихателни пътища разполагаме с редица симптоматични медикаменти (понижаващи температурата, спиращи възпалението, обезболяващи и т.н.). Те облекчават оплакванията на пациента, но не повлияват протичането на болестта.\r\nШироко употребяваните капки за нос например не могат да се преборят с причинителя на хремата, а ако се използват неправилно или дълго, водят до привикване и имат нежелани странични ефекти. Вместо тях можете да се доверите на хомеопатичното лечение.\r\n','2016-10-16 19:21:06',2),(294,'Феновете на Левски погребаха ЦСКА','Привържениците на Левски дадоха начало на своето шествие към националния стадион \"Васил Левски\" за мача срещу ЦСКА-София. Мачът между “сини” и “червени” е от 16:30 часа.\r\n<br><br>\r\nПривържениците на 26-кратните шампиони се събраха на бул. \"Тодор Александров\" в столицата и оттам потеглиха на траурно шествие в посока най-известният стадион в София. \r\n<br><br>\r\nКакто се заканиха ултрасите, походът им ще бъде посветен на по думите им “кончината” на вечния съперник. Шествието е водено от поп и катафалка, а левскарите са облечени в черно, вървят след катафалка, с която искат да покажат, че изпращат \"армейците\" в последния им път.\r\n\r\n','2016-10-16 19:25:58',8),(295,'Тайсън ще се лекува от алкохола и дрогата в психиатрия','Тайсън Фюри най-вероятно ще постъпи в психиатрична клиника. Бившият вече световен шампион по бокс за професионалисти страда от маниакална депресия, която е била диагностицирана при специалист.\r\n <br><br>\r\nТерапевтът е бил категоричен, че британската звезда трябва да се подложи на специализирано лечение. Неговият чичо и треньор Питър Фюри обясни, че на практика лечението вече е започнало.\r\n  <br><br>\r\n“Той не е зависим от наркотиците и алкохола. Просто направи някои глупости, но мисля, че вече започна да осъзнава постъпките си”, категоричен бе Питър пред британския гигант Би Би Си.\r\n  <br><br>\r\nПлеменникът му бе уличен в употреба на кокаин, а впоследствие сам заяви, че от години употребява белия прах. Шампионът се оправда с депресивните си състояния и каза, че кокаинът е най-малкият му проблем.\r\n  <br><br>\r\n“Разбирате ли, че на мен просто не ми се живее”, отсече 206-сантиметровият гигант пред списание “Ринг”. Преди няколко дни Тайсън доброволно се отказа от титлите и лицензът му бе отнет. Чичо му обаче е убеден, че той ще се върне дори по-силен и отново ще стане шампион.\r\n  <br><br>\r\n“Неговото лечение вече започна да дава резултат. Докторите са категорични, че в следващите няколко месеца ще има положителна промяна”, добави Питър.\r\n <br><br>\r\n','2016-10-16 19:31:53',0),(296,'Данък \"уикенд\" – неясни постановки и двояко тълкуване','Когато 42-годишният Пламен Манолов, управител на пловдивска компания за монтаж на ролетни щори и гаражни врати научава, че парламентът е приел данъчните промени, с които се въвежда и прословутия \"данък уикенд\", почти изпада в паника.\r\n<br><br>\r\nОт счетоводителката си научил, че тълкуванието е сложно, а налогът влиза в сила със задна дата и ще важи от началото на тази година, която и без това е към края си. В компанията му има и два служебни автомобила, които обаче не винаги се ползват само за служебни цели.\r\n<br><br>\r\n\"Тепърва ще оценяваме как трябва да декларираме това, но не разполагаме и с достатъчно време\", обяснява той.\r\n<br><br>\r\nЗагрижеността на Манолов подчертава несигурността, пред която са изправени мнозина предприемачи заради набързо гласувания и влязъл в сила важен закон.\r\n<br><br>\r\nВ публикуваните предложения за промените в ЗДДС не се вижда възможност за пропорционално приспадане на данъчен кредит за автомобилите, което беше изрично посочена опция в указанието на НАП от януари тази година, разкри пред Investor.bg Велин Филипов, заместник-председател на управителния съвет на Института на дипломираните експерт счетоводители. \r\n<br><br><b>\r\nДанъчно облагане със задна дата\r\n</b>\r\n<br><br>\r\n\"Промените в Закона за корпоративно подоходно облагане (ЗКПО), които се отнасят до прилагането на т. нар. данък \"уикенд\", са малко забавени във времето в контекста на 2016 г. Целта им е да се намали данъчно-осигурителната тежест, но до края на септември мина три четвърти от годината, а данъчното облагане е комплексно и връщането назад в текущата година може да е съпроводено с негативни последици и санкции по ЗДДС\", категоричен е данъчният експерт, който е и управляващ съдружник в консултантска кантора Филипов и партньори.\r\n<br><br>\r\nТой обаче не крие оптимизма си, че положителните ефекти от промените в ЗКПО реално трябва да са факт през 2017 г.\r\n<br><br>\r\nПромените в ЗКПО, които се отнасят до прилагането на данък \"уикенд\", трябва да се прилагат със задна дата от началото на 2016 г. Наложи се обаче в средата на годината да се гласува нов законопроект, като в неговото обсъждане се включиха всички заинтересовани страни – Националната агенция за приходите, Министерството на финансите, работодателските организации и счетоводителите.\r\n<br><br>\r\nСега се чакат указанията на НАП, които да внесат яснота за практическото приложение на данъчното облагане.\r\n<br><br>\r\n\"В указанията на Националната агенция за приходите няма да има някакви съществени промени\", съобщи Росен Бъчваров, говорител на НАП, в отговор на въпрос на Investor.bg кога бизнесът ще разполага с конкретните текстове.\r\n<br><br>\r\n\"Много дълга беше дискусията за т.нар. данък \"уикенд\" и с много широк обществен отзвук в началото на годината. Няма никакъв спор. Водихме много разговори с работодателските организации и счетоводната общност, че ДДС при употребата на активи се дължи, затова и няма никакво съмнение, че това трябва да е така\", обясни той.\r\n','2016-10-16 19:41:12',0),(297,'568 души бягаха с розови полички в София','568 души бягаха в Южния парк в София днес с розови поли в подкрепа на жените с рак на гърдата. Инициативата се проведе под надслов \"Бягай с розова пола\".\r\n<br><br>\r\nИнициативата е насочена предимно към мъже, които по този начин изразяват подкрепата си към сериозното заболяване.\r\n<br><br>\r\nСлед маратона към небето полетяха 1200 розови балона в памет на жените, които всяка година не успяват да победят болестта.\r\n<br><br>\r\nПо последна статистика около 3500 жени заболяват годишно в България от рак на гърдата.\r\n<br><br>\r\nКампанията за борба с рака на гърдата се провежда за четвърти път.','2016-10-16 19:48:13',0),(298,'\"ЕкзоМарс\'\' пусна апарат към Червената планета ','Европейската космическа агенция съобщи, че модулът \"Скиапарели\" на станцията \"ЕкзоМарс\" се е отделил по график от орбиталния апарат и е започнал контролирано спускане към Марс, където се очаква да кацне в сряда, предадоха Асошиейтед прес и ТАСС. <br><br>\"Скиапарели\" ще направи снимки на Марс и ще извърши измервания на повърхността, но главната му цел е да изпробва технологията за бъдещ европейски марсоход. Корабът-майка на \"Скиапарели\" ще остане в орбита около Марс и ще анализира газовете в атмосферата му. Станцията \"ЕкзоМарс-2016\" бе изстреляна от космодрума в Байконур с ракета-носител \"Протон-М\" на 14 март. Мисията е общ проект на Европейската космическа агенция и на руската космическа агенция \"Роскосмос\".','2016-10-16 19:51:46',1),(299,'ГЕРБ иска спешени промени на Изборния кодекс','ПП ГЕРБ иска спешни промени в Изборния кодекс. Мотивът - да се спрат спекулациите от страна на опоненти и нагнетяването на изборната обстановка. Решението на партията бе обявено в Търговище от председателя на ПГ на ГЕРБ Цветан Цветанов, съобщи Нова телевизия.<br>\r\nИскането на ГЕРБ е по отношение на изборните секции в чужбина да отпадне правилото в чужда държава да се разкриват не повече от 35 секции. От партията искат още да се предложи гласуване в чужбина в повече от една урна в една секция, за да могат гражданите да упражнят безпроблемно правото си на глас.\r\nИска се още при отчитането на отрицателния вот \"Не подкрепям никого\" да се потвърдят досегашните правила вотът да се отчита като действителен.','2016-10-16 20:02:25',1),(300,'ФА започва разследване срещу Моуриньо','Мениджърът на Жозе Моуриньо е на път да си навлече сериозни неприятности. Португалецът ще бъде разследван от Футболната асоциация заради изказването му по адрес на Антъни Тейлър, който ще ръководи утрешното дерби на тима с Ливърпул.\r\n<br><br>\r\nКакто е известно, Специалния изрази съмнение, че арбитърът ще се представи на ниво в срещата.\r\n<br><br>\r\nТова е накарало ФА да разгледа коментарите на Моуриньо и може да поиска обяснение от треньора. Ироничното е, че в изказването си за съдията португалецът допълни, че не иска да говори по въпроса, за да не бъде наказан.','2016-10-16 20:04:41',4),(301,'Мъри: Трудно ще изместя Джокович тази година','Анди Мъри не скри задоволството си от представянето си в последните седмици. Световният номер 2 спечели днес титлата от тенис турнира в Шанхай, като вече е само на 915 точки зад Новак Джокович.\r\n<br><br>\r\n\"Напоследък играта ми се подобрява значително. Завършвам повече разигравания с волета и пласирам мощни сервиси. Ретурът винаги е бил най-силната част от играта ми, така че ако сервирам добре, автоматично си давам много шансове във всички мачове и се надявам да продължа в този дух.”\r\n<br><br>\r\n“Разликата не звучи голяма, защото можеш да прибавиш 1000 точки само от един Мастърс. Но това е само ако приемем, че Новак спре да печели мачове, което няма да се случи, защото той е най-добрият играч в света. Ако успее да отпочине и да се появи отново свеж на корта, завършекът на сезона ще бъде силен за него, защото той винаги се представя отлично в зала, и то точно в Париж и Лондон. Мисля, че той отдавна не е допускал поражение в мач в зала, така че ще бъде много трудно за мен да го изместя през тази година.”, добави британецът.','2016-10-16 20:06:25',4),(302,'Нефтохимик спечели Суперкупата','В истински празник на волейбола се превърна историческия мач за Суперкупа “Сами-М” 2016, в който Нефтохимик 2010 (Бургас) победи Добруджа 07 с 3:2 (25:23, 20:25, 32:34, 25:15, 15:12). Срещата се игра пред пълни трибуни в спортната “Васил Левски” в Пазарджик, премина през множество обрати и продължи близо 3 часа.\r\nПървият гейм беше изключително равностоен, като  в края му бургазиили успяха да задържат крехката си преднина и го спечелиха с 25:23. Това мотивира допълнително състезателите на Мирослав Живков и още до първото техническо прекъсване във втория “зелените” имаха аванс от 3 точки - 8:5. Нефтохимик 2010 подобри представянето си, но след отлична игра на блокада, “добруджанци” затвориха гейма с 25:20.\r\n<br><br>\r\nШампионите продължиха да изпълняват силен начален удар и благодарение на добре организирания си блок натрупаха 4 точки преднина до второто задължително прекъсване в третия - 16:12. Въпреки началото и комфортния аванс, който имаха “зелените”, играчите на Петър Дочев се върнаха в битката и краят на частта бе изключително драматичен. И двата тима имаха няколко шанса да спечелят гейма, но в края капитанът на Нефтохимик 2010 Петър Христов изпрати топката в аут и “добруджанци” спечелиха частта с 34:32.\r\n<br><br>\r\nБургазлии бяха безкомпромисни в четвъртия гейм. След много силно представяне във всички елементи носителите на Купа България вкараха двубоя в тайбрек след 25:15. \r\n<br><br>\r\nТрифон Лапков беше спрян от отлично построен троен блок и \"Нефтохимик 2010\" взе преднина от две точки в тайбрека при 7:5. Мирослав Живков поиска прекъсване, а задължителната пауза дойде при 8:6 в полза на бургазлии. Двата тима продължиха да играят точка за точка, но след няколко отлични изяви в защита и страхотна игра в атака на капитана Петър Христов волейболистите от Бургас стигнаха до историческия триумф след 15:12. ','2016-10-16 20:07:45',13),(303,'Тимът на Пламен Константинов без грешка в Русия','Воденият от Пламен Константинов Локомотив (Новосибирск) записа 4-а поредна победа в руската Суперлига. Тимът на българина надигра у дома НОВА (Новокуйбишевск) с 3:1 (25:16, 25:23, 19:25, 25:19) и остава на второ място във временното класиране с 11 точки след 4 победи от 4 мача, с колкото е и шампиона Зенит (Казан) начело, но с 12 точки.\r\n<br><br>\r\nВ следващия 5-и кръг на Суперлигата волейболистите на Локомотив гостуват на Урал (Уфа). Срещата е следващата неделя (23 октомври).\r\n<br><br>\r\nНай-полезен за Локомотив бе капитанът Лукаш Дивис с 21 точки (1 блок, 3 аса, 74% ефективност в атака и 15% перфектно посрещане), а Сергей Савин добави още 18 точки (1 ас, 52% ефективност в атака и 6% перфектно посрещане) за победата. За тима на НОВА над всички бе Никита Алексеев със страхотните 30 точки (1 ас и 64% ефективност в атака), но и това не бе достатъчно за успеха.\r\n<br><br>\r\n\"С Кавика Шоджи играта се получаваше в първите два гейма, но след това трябваше да се направи промяна. Мисля, че той искаше да опрости играта, за да запази някои настройки, но вече беше почнало да ни спада посрещането. Това бе основния ни проблем в третия гейм, който не премина по план. Днес не съм много доволен от играта на блокада, направихме много грешки на този елемент. Трябва да помислим над това, защото такъв голям процент грешки на блок не допускаме. След спечелената втора част се отпуснахме в третия гейм, защото вероятно решихме, че победата е в наши ръце. А НОВА се бори до края, затова трябва да им отдадем необходимото уважение\", коментира Пламен Константинов след мача.','2016-10-16 20:09:16',5),(304,'\"Светкавицата\" Болт обяви кога ще блесне за последно','Юсейн Болт реши да приключи с бягането през 2017 година. Последното му състезание ще бъде в родната Ямайка на турнира Рейсърс Гран При, потвърди олимпийският шампион в спринтовите дисциплини.\r\n<br><br>\r\n30-годишният Болт ще се състезава на световното първенство в Лондон през следващия сезон, след което планира да се откаже от спорта.\r\n<br><br>\r\n\"Рейсърс Гран При ще бъде моето последно състезание в Ямайка. Ще бъде последният път, в който ще бягам в Ямайка\", коментира деветкратният олимпийски шампион пред местна телевизия.','2016-10-16 20:12:58',0),(305,'\"Светкавицата\" Болт обяви кога ще блесне за последно','Юсейн Болт реши да приключи с бягането през 2017 година. Последното му състезание ще бъде в родната Ямайка на турнира Рейсърс Гран При, потвърди олимпийският шампион в спринтовите дисциплини.\r\n<br><br>\r\n30-годишният Болт ще се състезава на световното първенство в Лондон през следващия сезон, след което планира да се откаже от спорта.\r\n<br><br>\r\n\"Рейсърс Гран При ще бъде моето последно състезание в Ямайка. Ще бъде последният път, в който ще бягам в Ямайка\", коментира деветкратният олимпийски шампион пред местна телевизия.','2016-10-16 20:16:00',0),(306,'\"Светкавицата\" Болт обяви кога ще блесне за последно','Юсейн Болт реши да приключи с бягането през 2017 година. Последното му състезание ще бъде в родната Ямайка на турнира Рейсърс Гран При, потвърди олимпийският шампион в спринтовите дисциплини.\r\n<br><br>\r\n30-годишният Болт ще се състезава на световното първенство в Лондон през следващия сезон, след което планира да се откаже от спорта.\r\n<br><br>\r\n\"Рейсърс Гран При ще бъде моето последно състезание в Ямайка. Ще бъде последният път, в който ще бягам в Ямайка\", коментира деветкратният олимпийски шампион пред местна телевизия.','2016-10-16 20:17:38',0),(307,'\"Светкавицата\" Болт обяви кога ще блесне за последно','Юсейн Болт реши да приключи с бягането през 2017 година. Последното му състезание ще бъде в родната Ямайка на турнира Рейсърс Гран При, потвърди олимпийският шампион в спринтовите дисциплини.\r\n<br><br>\r\n30-годишният Болт ще се състезава на световното първенство в Лондон през следващия сезон, след което планира да се откаже от спорта.\r\n<br><br>\r\n\"Рейсърс Гран При ще бъде моето последно състезание в Ямайка. Ще бъде последният път, в който ще бягам в Ямайка\", коментира деветкратният олимпийски шампион пред местна телевизия.','2016-10-16 20:18:03',0),(308,'\"Светкавицата\" Болт обяви кога ще блесне за последно','Юсейн Болт реши да приключи с бягането през 2017 година. Последното му състезание ще бъде в родната Ямайка на турнира Рейсърс Гран При, потвърди олимпийският шампион в спринтовите дисциплини.\r\n<br><br>\r\n30-годишният Болт ще се състезава на световното първенство в Лондон през следващия сезон, след което планира да се откаже от спорта.\r\n<br><br>\r\n\"Рейсърс Гран При ще бъде моето последно състезание в Ямайка. Ще бъде последният път, в който ще бягам в Ямайка\", коментира деветкратният олимпийски шампион пред местна телевизия.','2016-10-16 20:19:10',0),(310,'Светкавицата Болт обяви кога ще блесне за последно','Юсейн Болт реши да приключи с бягането през 2017 година. Последното му състезание ще бъде в родната Ямайка на турнира Рейсърс Гран При, потвърди олимпийският шампион в спринтовите дисциплини.\r\n<br><br>\r\n30-годишният Болт ще се състезава на световното първенство в Лондон през следващия сезон, след което планира да се откаже от спорта.\r\n<br><br>\r\n\"Рейсърс Гран При ще бъде моето последно състезание в Ямайка. Ще бъде последният път, в който ще бягам в Ямайка\", коментира деветкратният олимпийски шампион пред местна телевизия.','2016-10-16 20:20:05',0),(311,'See \'SNL\' spoof awkward debate moments  - CNN Video','\"Saturday Night Live\" featured a funny spin on the Presidential candidates behavior during the second debate. CNN\'s Brian Stelter has more.','2016-10-16 20:44:47',0),(312,'vfdvdf','dvfvd','2016-10-16 20:46:36',0),(313,'sgaa','vsaas','2016-10-16 20:48:08',0),(315,'Donald Trump\'s brand is \'plummeting,\' biographer says','Donald Trump\'s presidential campaign controversies may be damaging his personal brand, says one Trump expert and biographer.','2016-10-16 01:34:37',0),(316,'Maher\'s fear about what Trump will do if he loses - CNN Video','Bill Maher tells Fareed  why he worries Trump will be \"the Che Guevara of deplorables\" if he loses the election. Would his defeat spark more unrest?','2016-10-16 21:36:11',0),(318,'Сензационна теория: Радиация прави компютрите 1000 пъти по-бързи','В момента отделните клетки в паметта се превключват чрез магнитно поле. Опитите на учените обаче показват, че ако то се замени с радиация, превключването на клетките може да стане в пъти по-бързо. Учените използват т.нар. T-лъчи, които представляват поредица електромагнитни импулси с терахерцова честота. Те попадат между инфрачервените лъчи и микровълните.\r\n\r\nПодобна терахерцова радиация се използва от скенерите при проверките на летищата например. Технологията може да се използва още за проверка на микрочипове, дори анализ на стари книги, за които отварянето им може да ги повреди.\r\n\r\nУчените вече са направили успешни демонстрационни опити с прилагането на лъчите и тяхното взаимодействие с материалите, от които е направена компютърната памет. Те все още обаче не са тествали реална компютърна памет дали ще може да работи достатъчно добре и стабилно с такива лъчи. Опитите предстоят, като потенциалните възможности при тяхното успешно протичане са много и може да променят компютрите.','2016-10-16 21:51:25',1),(319,'Съвсем наистина: Търсят се жители на космическа държава','Жителите на Асгардия ще живеят на Земята, но с двойно гражданство, обяснява ръководителят на проекта Игор Ашурбейли. Специална интернет платформа вече набира кандидати за „граждани” на новата държава.\r\n\r\nДни след старта на проекта, заявка за това са подали вече над 1000 души от всички краища на нашата планета. След като техният брой надхърли 100 000, идеолозите на концепцията предвиждат да представят проекта пред ООН и да поискат Асгардия да бъде официално призната за държава.\r\n\r\nЦелта е тя да се грижи за мира в космическото пространство и да насърчава технологиите в проучването на необятната Вселена. Проектът ще се бори и за по-ясна регламентация на всичко, което човекът прави в Космоса.\r\n\r\n„В момента всяка от космическите агенции работи спрямо геополитическите приоритети на собствената си страна. Глобалният интерес на човечеството остава на втори план”, посочва Ашурбейли.\r\n\r\nВ перспектива учените от проекта „Асгардия” планират да разработят щит, който да предпазва Земята от опасни астероиди, както и да събира „космическия боклук” - отломките от сателити и спътници, отдавна изведени от експлоатация.','2016-10-16 21:54:33',0),(321,'Учени направиха уникално откритие за човешкото тяло и болестите','Съставянето на атласа вероятно ще отнеме цяло десетилетие. Целта на учените е да включат и опишат в него типовете и свойствата на всички клетки в тъканите и органите, както и да създадат референтна карта на здравото човешко тяло, уточнява Канал 3. \r\n\r\nКлетките са фундаментални за разбирането на биологията на здравето и болестите. Учените обаче все още не могат да кажат какъв е точният им брой, колко различни типове клетки съществуват или как те варират от един орган на друг, отбелязва един от ръководителите на проекта.  \"Инициативата за съставяне на подобен атлас бележи началото на нова ера в разбирането ни за клетките. Ще открием нови типове клетки, ще открием как клетките се променят по време на развитие и болест, и ще добием по-ясна представа за биологията и медицината\", казва Сара Тийчман от британския институт \"Сангър\".\r\n\r\nДоскоро клетъчното познание беше ограничено от използваните методи, състоящи се в изучаване на групи от клетки. С развитието на технологиите учените вече разполагат с усъвършенствани методи за изследване на индивидуални клетки.  \"Вече разполагаме със средствата да разберем как сме устроени, което ще ни позволи да проучим по-добре как функционират телата ни и какво се обърква при болест. Вярваме, че успешното описание на всички клетки в здраво човешко тяло ще повлияе върху почти всеки аспект на биологията и медицината в идните десетилетия\", казва Авив Регев от института \"Броуд\".\r\n\r\nОсвен британските институти \"Сангър\" и Уелкъм тръст, ръководители на проекта са институтът \"Броуд\" и Масачузетският технологичен институт, които ще си сътрудничат с международни изследователи.','2016-10-16 21:57:30',0),(322,'Страшна статистика: Над 7 млн. души ослепяват годишно, но има спасение!','Това е поводът до края на месеца да продължава Националната кампания за профилактика на детското зрение, чийто фокус тази година е връзката на зрението със спорта, информира БНР.\r\n\r\nВръзката между зрението и спорта за децата е от голямо значение, обясни Павел Цветков, който е инициатор на кампанията. \"Ако едно дете стои пет часа на електронни устройства в затворено помещение, самите очи не получават достатъчното количество кислород.\r\n\r\nТака не могат да се освежават, а прекарвайки поне един или два часа навън, както и спортувайки - това със сигурност е много по-добре за очите на детето, както и за здравето му\", каза Цветков. Около 285 милиона души по света живеят със слабо зрение слепота.\r\n\r\nТова показва статистика на Световната здравна организация, според която населението в световен мащаб застарява. Същевременно се увеличава и слепотата, причинена от хронични заболявания.','2016-10-16 21:59:48',0),(323,'Учени от Илинойс: Яденето на броколи три пъти седмично намалява риска от рак','Авторите му от университета на Илинойс отбелязват, че благоприятният ефект на броколито се дължи на съдържащите се в него полифеноли - съединения със свойствата на мощни антиоксиданти.\r\n\r\nРедица предишни проучвания свързват полифенолните съединения с понижен риск от сърдечносъдови заболявания, диабет тип 2, астма и няколко вида рак. В настоящото изследване специалистите са идентифицирали в броколито голям брой гени с потенциални свойства да контролират натрупването на полифеноли в зеленчука.\r\nОткритието може да помогне за култивирането на разновидности на броколито с по-голямо съдържание на полифенолни съединения, които ще бъдат още по-полезни за здравето, като същевременно видът и вкусът им ще остават непроменени.\r\n\r\nСпециалистите са установили също, че полифенолите нямат вкус и са стабилни, и ползите им за здравето не се губят дори при термична обработка. Изследователите напомнят, че няма \"вечни съединения\", което означава, че полезни продукти като броколи трябва да се консумират три или четири пъти седмично.\r\n\r\nСпециалистите допускат, че подобен благоприятен ефект имат и други зеленчуци катокарфиол, зеле, брюкселско зеле, ряпа.','2016-10-16 22:01:07',0),(324,'Github публикува и после премахна списъка с 5925 интернет магазина с онлайн-скимери','Онлайн-скимингът е един сравнително нов начин за кражба на информация от банковите карти. Идеята е доста тънка. Докато обикновеният скимер се поставя върху или в четеца на картите и копира информацията от магнитния слой на картата, онлайн-скимерът е програмна добавка, проникнала като вирус в сървъра на интернет-магазина, която копира данните, необходими за разплащането. Информацията се продава в специални форуми в даркнет и с нейна помощ без проблем може да се пазарува онлайн и да се извършват разплащания.\r\nЕкспертите от Nightly Secure съобщиха, че онлайн-скимингът става все по-популярен. Първата статистика за тази нова тактика се появи през 2015 година, когато се разбра, че от изследваните 225 000 онлайн-магазина, 3501 са заразени с JS добавки, които копират разплащателната информация. А през изминалата година техният брой е нараснал с 69%.\r\n\r\nТази зараза не е много лесна за откриване, понеже кодът се зарежда от CMS и работи в браузъра. В споменатите три половина хиляди уеб-магазина, този код е действал в продължение на няколко месеца, а в много случаи и повече от една година.\r\n\r\nСписъкът на магазините с онлайн-скимери първоначално бе публикуван в Github. Интересно е, че Github без предупреждение премахна от своя сайт публикацията за това изследване на онлайн-магазините. Навярно някой се е позовал на DMCA закона и се е наложило списъкът да бъде премахнат. Естествено, на никой не му е приятно да му намерят подобна уязвимост и да разкажат за това на целия свят.\r\n\r\nКакто обикновено, въпросният списък стана много популярен и негови копия могат да бъдат свалени от web.archive.org и pastebin.com. В него са включени и два български интернет-магазина.\r\n\r\nСега се подготвят ъпдейти предимно за Magento, които да премахнат проблема.','2016-10-16 22:07:45',2),(325,'Intel добавя в своите процесори инструкции за дълбоко машинно обучение','Някои от последните процесори на Intel поддържат векторните инструкции AVX-512. Те се изпълняват на блокове от по 512 бита (64 байта). Преимуществото на този подход е, че за един такт процесорът обработва повече данни.\r\nИнструкциите AVX-512 се поддържат от процесорите Intel Xeon Phi Knights Landing, от някои от процесорите Skylake Xeon (SKX), както и в бъдещите процесори Cannonlake, продажбата на които се очаква да започне през 2017 година.\r\n\r\nХардуерната поддръжка на дълбоко машинно обучение е следващият етап в развитието на процесорите. Невронните мрежи и компютърното обучение са най-яркият тренд към днешен ден. Те вече се използват при превода на текстове, разпознаване на лица, класификацията на фотографии и други.\r\n\r\nКъм днешен ден най-сигурният начин един стартиращ бизнес да успее, е да постигне нещо в сферата на дълбокото машинно обучение и веднага да бъде закупен от някоя компания от „голямата петорка“ (Facebook, Google, Apple, Microsoft, Amazon). Тези корпорации последно време много остро се конкурират в закупуването на таланти в тази област и подобен стартъп обикновено струва около $10 милиона на специалист от областта на изкуствения интелект.\r\n\r\nIntel някак не може да включи в тази тенденция, понеже в ИИ се използват преди всичко графичните ускорители на Nvidia. Самата структура на графичните процесори е по-подходяща за deep learning.\r\n\r\nНо ситуацията може коренно да се промени, понеже през месец септември Intel публикува ръководството Intel Architecture Instruction Set Extensions Programming Reference, в което са описани всички инструкции в бъдещите нови процесори на компанията. Оказа се, че фамилията инструкции AVX-512 е разделена на няколко групи и значително разширена.\r\n\r\nДве нови групи процесорни инструкции са специално предназначени за дълбоко машинно обучение. Това са AVX512_4VNNIW и AVX512_4FMAPS.\r\n\r\nПоддръжката на тези нови инструкции ще добави в процесорите на Intel интегрирана хардуерна поддръжка на дълбоко машинно обучение и навярно новите процесори ще изпреварят по производителност решенията на Nvidia. Напълно е възможно да се повтори историята с декодирането и кодирането на видео, когато след добавянето на хардуерна поддръжка на H.264 и H.265 кодирането, процесорите на Intel с интегрирана графика започнаха да декодират и донякъде да кодират видео по-бързо от някои видеокарти на Nvidia.','2016-10-16 22:13:34',0),(326,'Amazon и VMware обединяват сили в облака','Amazon Web Services (AWS) и VMware анонсораха тази седмица старта на стратегическо сътрудничество в областта на облачните технологии.\r\n\r\nПо време на специална среща, състояла се в Сан Франциско двете компании анонсираха появата на нова услуга, която ще позволи на клиентите на софтуера за управление на дейта център операциите на VMware да се възползват от облака на Amazon. Това ще позволи изпълнението и работата на платформи като vSphere и NSX в AWS.\r\n\r\n„Клиентите ни продължават да ни питат за възможността да прекарват съществуващите си инвестиции в дейта центъра през AWS“, споделя Анди Джеси, изпълнителен директор на AWS в интервю за Techcrunch. „По-голяма част от предприятията вече са се възползвали от виртуализационните оферти на VMware, а сега, благодарение на VMware Cloud on AWS, за пръв път за нашите клиенти ще е лесно да управляват стабилни и гъвкави хибридни IT среди посредством инструментите си, предоставени им от VMware в AWS, без да се налага закупуването на допълнителен хардуер, пренаписване на приложения или модифициране на оперативния модел“.\r\n\r\nРъководството на операциите и продажбите на услугите ще се осъществяват от VMware, като бетата на платформата се очаква да стартира в началото на следващата година.\r\n\r\nСделката е показателна за присъствието на Amazon в облака. Години наред VMware възприемаха Amazon за най-големия им конкурент в сферата на доставянето на облачна инфраструктура и услуги. С годините обаче, AWS се превърна в едноличен господар на облака и изглежда VMware най-после го признават. Очаква се VMware Cloud on AWS да започне да се предлага и от Dell, собствениците на VMware.','2016-10-16 22:18:01',0),(327,'Mosul: Militias in Iraq warn operation against ISIS to launch in days','A long-awaited operation to seize the key Iraqi city of Mosul after two years of ISIS control will begin in the coming days, militia groups warned Sunday.','2016-10-16 15:54:18',0),(328,'Обратна иновация','Под \"обратна иновация\" разбираме иновации създадени първо в по-малко развити страни, след това разпространили се и във високо индустриализирани държави.\r\nТова, което е характерно за първите описани случаи на обратна иновация е непреодолимото желание на един лидер да намери начин за решаване на някакъв проблем, като не се остави да бъде спрян от това, че живее в по-ниско развита и индустриализирана страна.\r\nМного от първите описвани случаи са от сферата на здравеопазването, където това желание е било най-силно, защото качеството на живот на много хора е зависило от намирането на ново решение . Това само още веднъж доказва, че великите и иновативни решения се намират, когато един човек има много силно и непреодолимо желание да промени нещо в света около себе си и усещането, че трябва да го направи въпреки всички пречки.\r\nВ много от описаните случаи въпросните иновации са се случили в резултат от търсене на по-евтин начин за правене на нещо вече известно, водени от силно желание за предоставяне на услуга или продукт за местното население, което не би било достъпно на цените, на които тази услуга или продукт се предлага във високо-развити държави. Веднъж създадена обаче, подобна иновация започва да представлява интерес и във високо-развитите държави, които също търсят по-ефективни решения. Важното тук е, че не винаги говорим за огромни научни открития, които изискват много средства - понякога става дума за поглеждане към нещо известно с нови очи и със силното желание да намерим начин да го направим достъпно за по-широк кръг от хора.','2016-10-16 22:21:56',0),(329,'JCI Bulgaria организира най-голямата конференция за иновации в Пловдив','Единствено чрез иновациите един бизнес би могъл да се отличи от конкуренцията. За да бъде една фирма успешна в световен мащаб, а дори и на локално ниво, тя трябва да стартира или бъде проводник на нови идеи, трендове, продукти или услуги, които създават нови потребности и ги задоволяват ефективно. Ето защо, темата за иновации е фундаментално заложена в обсъжданите по време на 3-дневната конференция.\r\nОрганизаторите от JCI Bulgaria не се ограничават само с това. Те обещават и присъствие на предприемачи от над 20 държави, за които главна цел ще е да споделят своя опит с младите хора, работещи неуморно в името на позитивните промени в нашето общество. Те ще имат възможността да се запознаят лично на специално организираните Networking party в петък и официална гала вечеря в събота. Записалите се ще имат възможност да вземат участие и в организираните Treasure Hunt – обиколка на Пловдив и дегустация на вино.\r\nКонференцията ще се провежда изцяло на английски език, като ще съществува възможност за конферентен превод. Предлагат се 3 различни пакета за желаещите да станат част от събитието. Можете да се възползвате от преференциалните цени до 15.08, а ако регистрирате 2-ма или повече ваши приятели или колеги, ще получите допълнителна отстъпка. На сайта на конференцията - http://nationalconvention.jci.bg/, имате възможност да се запознаете с по-подробна информация за предлаганите пакети и събитието като цяло.','2016-10-16 22:24:06',2),(330,'ABLE Ментор – програмата, която ще те изстреля на върха на твоята кариера','Пред всеки ученик във финалните класове на гимназията стои въпросът „А оттук накъде?“. Вероятно в главата си вече порасналите деца имат най-различни представи за това как ще изглежда бъдещото им работно място, какви ще са задълженията и отговорностите им. Тези представи обаче не винаги отговарят на реалността. Подрастващите могат да се съветват с родители или учители, но те не винаги са най-правилните хора за тази работа. Мнозина се обръщат към приятели и познати, развиващи се в избраната от тях сфера, но не всеки има щастието да познава човек със сходни интереси. В такъв случай кой въвежда учениците в сложния свят на кариерното развитие, кой може да им обясни предимствата и недостатъците на бъдещата им професия? За щастие, вече има кой и това са героите на програмата ABLE Ментор.\r\nТя свързва ученици от 10-ти и 11-ти клас с успешни млади професионалисти и ги изправя пред общи предизвикателства. В процеса на работа учениците имат възможност да придобият важни умения, които не се преподават в училище (анализ на информация, формална и неформална комуникация; презентиране на идеи; формиране на идея, анализ на устойчивостта, планиране, управление на времето и много други). Учениците се запознават с други интересни млади хора, обединяват се по интереси и преживяват незабравими моменти заедно.\r\nМентори са всички хора, които са завършили втори курс в университет и имат желание да дарят част от времето си за развитието на следващото поколение. Те кандидатстват за одобрение в програмата и след като преминат подбора вече се превръщат в активни участници в програмата. Едно от най-големите предимства на ABLE Ментор е, че си има обучители във всички сфери – „от литература до ядрена физика, от изкуство до икономика“, както казва един от създателите на ABLE Ментор - Асен Георгиев.','2016-10-16 22:26:21',3),(331,'Българката, която ръководи Vodafone в Германия','Тя се казва Анна Димитрова, 40-годишна, изпълнителен директор по стратегията и дигитализацията на Vodafone в Германия. Като жена Анна Димитрова не се чувства дискриминирана. Като българка обаче... Била е тийнейджърка, когато системата в народната република рухва, баща ѝ остава без работа и смело основава магазин за търговия с вино. От него Димитрова научава да е отворена към новите възможности. И днес е на върха – 20 години, след като идва да следва в Германия... \r\n\r\nТака накратко германският вестник Handelsblatt обобщава историята на нейния успех. Вестникът обаче помества и обширен портрет на Димитрова. \r\n\r\nНа въпрос на медията дали Димитрова е изпитала трудности при старта на кариерата си в германска компания, младата дама отговаря, че това е било така само отчасти. „Никога не съм усещала предразсъдъци спрямо мен заради пола си, но имаше такива в началото заради произхода ми“, пояснява тя.\r\nПрез 2001 г., тогава на 24 години, Димитрова изкарва най-добрата оценка в курса по бизнес администрация в Университета в Ерланген-Нюрнберг с акценти върху маркетинга, икономическата информатика и счетоводството, след като преди това е учила в УНСС в София. „И тогава един консултант по назначаването на персонал ме попита кое е онова, което мога да правя по-добре от кандидатите германци. Това наистина ме издразни“, признава тя. Защото въпросът на германския консултант предполага, че България е слабо развита страна.\r\n\r\n„Трябва да видите например колко естествено жените в бившите социалистически страни заемат лидерски позиции, дори и като майки, и колко трудно е положението с равенството между половете в Германия. В зависимост от гледната точка обаче всеки народ и нация има нужда от наваксване и развитие“, казва Димитрова.\r\n\r\nВпрочем младата българка заминава първоначално в чужбина, за да реализира своя бизнес мечта. По-рано в Австрия е видяла колко цветно може да е облеклото на фона на предимно сивите, кафеви и черни дрехи в родината си. И възнамерява да навлезе в модния бранш, за да вкара и предлага в България модерно облекло','2016-10-16 22:33:20',0),(332,'Кризата не е попречила на държавата да харчи все повече','На фона на рекордно високите бюджетни излишъци за първите 9 месеца на 2016 г. (по-високи са единствено през 2008 г.) дебатът относно ефективното управление и реформите в сферата на публичните финанси изглежда като отдавна забравен спомен. Сравненията на финансовия министър между държавния бюджет и постна пица от 2010 г., както и призивът на премиера за „затягане на коланите”, отстъпиха на обещания за приоритетно харчене на преизпълнението на фискалната цел.\r\n\r\nТ.нар политика на икономии (austerity) така и не намери почва в България, въпреки че много се изговори за необходимите жертви и съкращения, които трябва да се направят в бюджета. Реално консолидираните бюджетни разходи растат във всяка година в периода 2009-2015 г., а това, което управляващите наричат „икономия”, т.е. намалението на бюджетния дефицит, е резултат от по-високи бюджетни приходи и по-висок икономически растеж. Така например в годината на „постната пица” консолидираните бюджетни разходи се увеличават с близо 1,1 млрд. лв. в сравнение с предходната година и надминават 36% от БВП в сравнение с 35% през предходната година и 34,6% през 2007-2008 г.\r\n\r\nДинамиката на държавните разходи в номинално и реално изражение е сходна, с изключение на 2011 г., когато се наблюдава увеличение на публичните разходи с под половин процент, като в същото време БВП на страната нараства с около 8,5%. С тази корекция публичните разходи като дял от БВП достигат 33,5% и слизат под нивата си от 2007 г. Още от 2012 г. обаче се наблюдава възстановяване им и те се връщат около нивата си от 2007-2008 г. През 2013-2014 г. икономиката се развива в условията на нестабилна политическа обстановка, което допълнително повишава разходите като дял от БВП до близо 39%. Въпреки успокояването на политическите страсти през 2015 г. консолидираните разходи прескачат границата от 40% от БВП, с което управляващите нарушават ограниченията на Закона за публичните финанси (чл. 28).\r\n\r\nНезависимо от общото увеличение на публичните разходи то е съпътствано и с промяна в структурата им. Така например социалните разходи се увеличават от около 31% на близо 34%, което се дължи изцяло на по-високия дял на пенсиите – 24,4% от консолидираните разходи през 2015 г. в сравнение с 21,3% през 2007 г. Заедно с тях леко се увеличат и разходите за здравеопазване.\r\n\r\nВ същото време делът на разходите за администрация, както и за отбрана и сигурност, се понижават с около 4 пр.п. Тук прави впечатление, че в нито една от двете групи не се наблюдава трайно намаление на разходите. Те се свиват в периода 2010-2012 г., след което отново започват да растат. Разликата идва от темпа на растеж след 2012 г. – при разходите за полиция и вътрешен ред увеличението е скокообразно, докато тези за отбрана и администрация се увеличават значително по-плавно.\r\n\r\nТрайно увеличение се наблюдава при разходите за земеделие и околна среда, което в голяма степен се дължи на отпускането на европейски средства за проекти в тях, както и на държавната политика за национални доплащания за единица площ. В същото време разходите за транспорт остават почти непроменени като дял от консолидирания бюджет, а тези за образование дори намаляват, независимо, че в тази сфера се отпускат все повече средства.\r\n\r\nПо-ниски разходи в пет държавни дейности\r\n\r\nУвеличението на разходите обаче не се разпределя равномерно нито във времето (в периода 2013-2015 г. се наблюдава огромно увеличение на разходите и приноса им към се дефицит), нито по държавни дейности. Така например в периода 2008-2015 г. публичните разходи се увеличават с 12,6 млрд. лв. или с 57%, но при пет от държавните дейности – изпълнителни и законодателни органи, общи служби, отбрана, религиозно дело,  промишленост и строителство се наблюдава спад в отпуснатите средства. С други думи разходни реформи наистина е имало, но те обхващат едва пет от 22 държавни дейности. Освен това намалението на разходите при тези дейности е относително малко и е засенчено от ръста при другите дейности.','2016-10-16 22:37:44',0),(333,'БНБ обяви какви са средните такси на банките','БНБ обяви какви са средните такси на банките\r\nСградата на БНБ. Снимка: архив Ройтерс\r\nБългарската народна банка (БНБ) публикува средния размер на таксите, начислявани от банките на потребители по разплащателни сметки за услугите по приложение № 1 към Наредба № 3 на БНБ, във връзка с определянето на т. нар. \"приемливи такси\" по платежни сметки за основни операции.\r\n\r\nОт подадената от банките информация в централната банка са констатирали, че за някои от услугите кредитните институции прилагат различен подход за определяне на размера на таксите. За всяка от тези услуги БНБ изчислява среден размер на таксите за всеки от използваните подходи въз основа на информацията, подадена от банките, използващи съответния подход.','2016-10-16 22:39:56',0),(334,'Данък „уикенд“ - много шум за нещо и двусмислено тълкувание','Когато 42-годишният Пламен Манолов, управител на пловдивска компания за монтаж на ролетни щори и гаражни врати научава, че парламентът е приел данъчните промени, с които се въвежда и прословутия „данък уикенд“, почти изпада в паника. От счетоводителката си е научил, че тълкуванието е сложно, а налогът влиза в сила със задна дата и ще важи от началото на тази година, която и без това е към края си. В компанията му има и два служебни автомобила, които обаче не винаги се ползват само за служебни цели. Тепърва ще оценяваме как трябва да декларираме това, но не разполагаме и с достатъчно време, обяснява той.\r\n\r\nЗагрижеността на Манолов подчертава несигурността, пред която са изправени мнозина предприемачи заради набързо гласувания и влязъл в сила важен закон.\r\n\r\nВ публикуваните предложения за промените в ЗДДС не се вижда възможност за пропорционално приспадане на данъчен кредит за автомобилите, което беше изрично посочена опция в указанието на НАП от януари тази година, разкри пред Investor.bg Велин Филипов, заместник-председател на управителния съвет на Института на дипломираните експерт счетоводители. \r\nТой обаче не крие оптимизма си, че положителните ефекти от промените в ЗКПО реално трябва да са факт през 2017 г.\r\n\r\nПромените в ЗКПО, които се отнасят до прилагането на данък „уикенд“, трябва да се прилагат със задна дата от началото на 2016 г. Наложи се обаче в средата на годината да се гласува нов законопроект, като в неговото обсъждане се включиха всички заинтересовани страни – Националната агенция за приходите, Министерството на финансите, работодателските организации и счетоводителите.','2016-10-16 22:48:26',0),(335,'Универсал НВГ показа на полето земеделска техника за сезон Пролет 2016 ','Полева демонстрация на селскостопанска техника за пролетната кампания с марките Amazone, Grim, Potila представиха пред земеделски производители от Универсал НВГ.\r\n По време на демонстрацията акцент беше поставен на сезонните машини, използвани в пролетните обработки. Първа в полето работи торачката Amazone ZA-TS 3200 с възможност за разхвърляне на тора до 54 метра, позволяваща много висока скорост на работа – до 20-25 км/ч, което я прави изключително производителна. Amazone ZA-TS е оборудвана с дискове TS 3, които при оптимални условия позволяват производителност от 500 дка на час.\r\nНиколай Върбанов – собственик на Универсал- НВГ, представи пред фермерите финландските култиватори Potila като акцентира на модела Potila Master Pro 800. Той е с работна ширина 8 м., разстояние между работните органи 7 см и усилени S-образни работни органи с размери 11х 45 мм. Новост при модела са двата подравнителя – преден и заден, които спомагат за отличната работа на култиватора и равномерното покритие на терена. Пружинните разрохвачи, позиционирани в задната част на култиватора, позволяват на по-едрата почва да остане отгоре, за да се избегне образуването на почвена кора, което улеснява слизането в дълбочина 5-6 см., където са самите семена.','2016-10-16 22:53:14',0),(336,'Агроном по растителна защита или консултант за всяко стопанство над 5 дка','Той може да обслужава само стопанства, които се намират на територията само на една областВсяко стопанство с площ над 5 декара ще трябва да осигури лице с висше образование в областта на аграрните науки с професионално направление „Растениевъдство” или „Растителна защита”, научи източник на NivaBG.com от БАБХ. Точката е записана в чл.10 на проекта на Наредба за опазване на растенията и растителните продукти от икономически важни вредители.\r\n\r\n Наредбата предоставя възможност на земеделските стопани да използват консултантски услуги за интегрирано управление на вредителите. Тези услуги се предоставят от лица, които имат поне три години професионален опит в областта на растителната защита и са вписани в регистър, определен в Закона за защита на растенията. Консултантът не може да е свързан с лице, което произвежда, пуска на пазара, търгува и преопакова продукти за растителна защита. Като физическо лице, консултантът може да предоставя фактически консултации за земеделски стопанства, които се намират в акгроекологични райони на територията на една област. Изключение може да има само ако земеделското стопанство е разположено на граничещи агроекологични райони. Консултантът има задължението писмено да уведомява съответната ОДБХ за всяка промяна в декларираните обстоятелства в седем дневен срок след сключването на договора със земеделски стопанин. За да извършват консултации по интегрирано управление на вредителите, консултантите трябва да разполагат със съответното оборудване за диагностика на вредители – лупа, биноколяр, петриеви блюда, епруветки и др. Консултантите също така трябва да имат постоянен достъп до официалната агрометеорологична информация за съответния агроекологичен район, която включва поне данни за температура, влага, максимални и минимални дневни и нощни температури.\r\n\r\nКонсултациите  се представят в два екземпляра, в писмен вид, като от тях е за земеделския стопанин. Той трябва да съдържа констатация за появата, разпространението, плътността, развитието и степента на нападение по видове вредители за всяка земеделска култура в стопанството. Трябва да има изготвено предложение за предприемане или непредприемане на растителнозащитни действия за отделни площи в стопанството, срокове за прилагане на третиранията и описание на конкретни продукти и дози за растителна защита.\r\n\r\nОДБХ ще води досие за всеки консултант по интегрирано управление на вредители. Той от своя страна трябва да представя в конкретната Областна дирекция по безопасност на храните протокол за наблюдение, обурудване и диагностика, както и уведомление за достигнат праг на вредност.','2016-10-16 22:59:27',0),(337,'Агроном от Видин спечели 10 002 лв. от Еврошанс','36 - годишен агроном от Видин спечели 10 002 лв. от Еврошанс. Късметлията пуска талона си със залог от 1 лв. за 20 поредни тегления. В едно от тях той успява да познае 9 от 10-те числа и това му носи апетитната печалба. В този случай щастливите числа за играча са: 31,32,33,34,35,36,37,38,39 и 40. Но на въпроса дали тези числа са специални за него, той отговаря, че са избрани съвсем случайно. Просто на шега решава да отбележи в талона си цял ред с последователни числа.\r\n\r\nТова не е първата печалба на късметлията от Еврошанс. Преди около 3 години, когато играта стартира, той спечелил 2 300 лв. След тази печалба се запалил по играта и редовното му участие в нея, редовно му носи печалби.\r\n\r\nИграчите от пункта във Видин на бул. „Панония”48Б вече са се почерпили за здраве и късмет заедно с агронома и в навечерието на Великден всеки от тях се надява числата му да излязат, за да стане и неговият ден Велик.','2016-10-16 23:02:07',0),(338,'ЕС и „Газпром“ са на финалната права на спора за монопол на компанията в държави от ЕС','Европейският съюз (ЕС) и руският енергиен доставчик „Газпром“ се приближават до разрешаване на спора помежду си по повод претенциите на антимонополните органи на съюза спрямо руската компания.\r\n\r\nУсловията на споразумението могат да бъдат одобрени още по време на среща на високо равнище между страните, която трябва да се проведе в края на октомври, пише The Wall Street Journal, позовавайки се на източници, запознати с хода на преговорите.\r\n\r\nРегулирането на спора ще позволи на „Газпром“ да избегне глоби, равняващи се на милиарди долари в замяна на изменения на условията на работа на компанията. Обсъжданите условия на възможното споразумение осигуряват връзка на цената на доставяния газ с цената на нефта.\r\n\r\nЕС дори изразява готовност да разреши на руското енергийно дружество да доставя газ на клиентите си на различни цени, ако част от това гориво е предназначена за износ.\r\n\r\nНа 22 април Европейската комисия (ЕК) отправи към „Газпром“ официално уведомление за възражения в рамките на антимонополно дело по отношение на компанията, обвинявайки я в злоупотреба с доминиращо положение на пазари в Централна и Източна Европа, което е в нарушение на антимонополното законодателство на ЕС. По думите на еврокомисаря по въпросите на конкуренцията Маргрете Вестагер „Газпром“ злоупотребява със своето монополно положение в осем държави от ЕС – България, Унгария, Естония, Чехия, Литва, Латвия, Полша и Словакия.\r\n\r\nГлобите по това дело могат да достигнат до 10% от приходите на „Газпром“, т. е. 7-8 млрд. евро. В края на септември 2015 г. обаче ЕК и „Газпром“ започнаха преговори за възможно регулиране на разследването в досъдебен формат, без глоби.','2016-10-16 23:04:52',0),(340,'Плевнелиев: България няма нужда от нестабилност  ','България няма нужда от извънредна нестабилност, заяви в предаването „Тази неделя” по bTV президентът Росен Плевнелиев по повод напрежението в управляващата коалиция. \"Очевидно в коалицията има проблеми, важно е те да не се замитат под масата, а да се търсят устойчиви решения\", смята държавният глава. Той се надява противоречията и емоциите, породени през изминалата седмица, да останат в миналото, за да се търсят правилните решения за страната. \"Направих две служебни правителства. Не искам да правя трето\", каза Плевнелиев. Плевнелиев приветства инициативата на премиера да има заседание на парламента във вторник, на което въпросът да бъде обсъден. Държавният глава предупреди, че ако народните представители не вземат отговорно решение, е възможно да сезира Конституционния съд.\r\n<br>','2016-10-16 23:10:15',1),(341,'Частните училища могат да получават държавни пари, но не са доволни от условията  ','Частните детски градини и училища вече имат право да получават държавна субсидия. Това предвижда новият образователен закон, който влезе в сила от есента, предаде БТВ. В момента в частните училища и детски градини са обхванати около 12 хиляди деца. Новият образователен закон предвижда те също да получават държавна субсидия. Обаче при едно условие - ако училището или детската градина приема 20% от децата безплатно. От асоциацията на частните училища изчисляват, че тези разходи ще бъдат за сметка на останалите родители. Критерият, по който се приемат децата безплатно е да имат специални образователни потребности или да са талантливи. „Няма механизъм, с който да може да се определят децата на 5-6- годишна възраст дали са талантливи. Представете си какво ще се случи, ако в групата децата са разделени на две - 20% са талантливи, другите са неталантливи”, смята Илонка Горанова от асоциацията. Частните учебни заведения не планират да се възползват от възможността за държавна субсидия. Ще настояват задължението за 20% безплатен прием да отпадне или да бъде намалено на не повече от 5 на 100. Това изисква обаче поправка на току-що влезлия в сила закон.','2016-10-16 23:13:02',0),(342,'Първият официален ученически „Бележник за кореспонденция“ в Асеновград','С по два бележника вече ходят на училище учениците в Асеновградско. Това се налага заради приетите тази година промени в Закона за училищното образование. Според реформата, учениците ще носят у себе си, както стандартния бележник, в който ще се вписват ученическите оценки, така и „Бележник за кореспонденция“. Целта на новия документ е да осигури обратната връзка между преподаватели и родители. Специалният бележник може да бъде и приспособен обикновен тефтер. В него учителите имат възможността да вписват забележки и похвали за децата. А родителите могат да задават въпроси, свързани с развитието и израстването на ученика в клас. Първото учебно заведение в Асеновград, чиито възпитаници са получили безплатно своя официален „Бележник за кореспонденция“, е ОУ „Петко Каравелов“. Ръководството и преподаватели от школото са решили, че щом документът е поискан от Министерството на образованието и е заложен чрез изменение на Закона, би следвало той да бъде официален, а не да е обикновен тефтер.\r\n','2016-10-16 23:14:55',0),(343,'Изискването на амбулаторен лист за извинение на отсъствия на ученици е незаконно  ','Използването на амбулаторни листове за извиняване на отсъствия на учениците би представлявало незаконосъобразна мярка, която ще бъде в противоречие с основните принципи за обработването на лични данни. Това се казва в становище на Комисията за защита на личните данни в отговор на въпрос законосъобразен ли е начинът, предложен от Министерството на образованието, за извиняване на отсъствия да се използва и амбулаторен лист, който подробно да описва здравословното състояние на ученика, научи Actualno.com. Припомняме, че заместник-министърът на образованието Диян Стаматов обяви, че „занапред амбулаторните листове от личните лекари ще служат като извинителна бележка в училище.“ Причината за това решение е злоупотребата с медицински бележки, които се представят от децата. МОН ПРЕДВИЖДА ПЪЛНА ЕЛЕКТРОНИЗАЦИЯ НА УЧИЛИЩНИТЕ ДОКУМЕНТИ ДО 2018 Г. От Комисията напомнят, че предоставянето на лични данни от един администратор на друг безспорно представлява обработване на лични данни, а информацията, която се съдържа в амбулаторните листове, съставлява лични данни, тъй като същата е в обем, позволяващ идентификацията на конкретно физическо лице. Нещо повече – данните, които се съдържат във въпросния медицински документ, са от типа „специално защитени данни.“ Освен това в чл. 28 от Закона за здравето е разписано, че медицинските специалисти и служители в лечебните заведения нямат право да разгласяват информация за пациента, която е получена при изпълнение на служебните им задължения.\r\n','2016-10-16 23:16:26',0),(344,'Проф. Вихра Миланова: В касата на МУ-Пловдив има 85 млн. лв.  ','ук стана едно голямо разминаване, не мога да подкрепя незаконосъобразни практики. В никакъв случай не мога да ги подкрепя. Нещата, които ме притесниха в работата ми, бяха изложени в одитния доклад. Това каза отстраненият от поста ректор на Медицинския университет в Пловдив проф. Вихра Миланова. По думите ѝ „това незаконно обучение извън пределите на България трябва да бъде направено по друг начин.“ ОБВИНИХА БИВШИЯ РЕКТОР НА МУ-СОФИЯ ЗА 300 ХИЛ. ЛВ. ЩЕТИ Проф. Вихра Миланова каза, че в касата на университета има 85 млн. лв. Бяха избрана с почти пълно мнозинство, само че аз не мога да играя в тази игра, допълни още тя пред bTV. По думите ѝ „няма документация от поведеното събрание, няма ги бюлетините, нито списъците.“ На въпрос кой стои зад \"опита за преврат\" в Медицинския университет, проф. Вихра Миланова отговори, че не мисли, че някой може да стои зад това: \"Не мисля, че някой може да стои, това не е възможно да се случи. Напротив - тези проверки, които и сега продължават, те не са само по нечие желание, те просто се налагат\".\r\n','2016-10-16 23:17:38',0),(345,'Каузата steniskanabala събра повече от 85 000 лв ','Благотворителната инициатива #steniskanabala, организирана за трета поредна година от компанията \"Мото-Пфо\" (официален вносител на Ford, Volvo, Jaguar и Land Rover), донесе рекордни приходи от над 85 000 лв. В кампанията се включиха 1418 млади и пораснали абитуриенти. Всички те през 2016 г. отидоха с тениски на бала си, на изпращането или годишнината от завършването си. Това е и най-масовото участие на зрелостници и единични дарители чрез поръчка на тениски досега. Вместо да харчат пари за скъпоструващи тоалети, младите хора решиха да дарят сума по своя преценка за обучението на деца без родители. \r\n','2016-10-16 23:20:59',0),(346,'В София ще се проведе кръгла маса, посветена на Международния ден за намаляване на бедствията','На 17 октомври, понеделник, от 9.30 часа в Гранд хотел София ще се проведе кръгла маса, посветена на Международния ден за намаляване на бедствията - 13 октомври. Темата на дискусионния форум е „Ролята на обществената информираност за намаляване на риска от бедствия”. В срещата, организирана от ГД „Пожарна безопасност и защита на населението” и фондация „Ханс Зайдел”, участие ще вземат представители на различни министерства, държавни структури, на научната общност и експерти от местната власт и неправителствени организации.','2016-10-16 23:25:10',0),(347,'Airbus A380 на Lufthansa кацна за първи път в София','Най-големият пътнически самолет в света, Airbus A380 на немската авиокомпания Lufthansa, кацна за първи път на българска земя, в неделя, 16 октомври. Пилотиран от главния пилот на авиокомпанията Раймунд Мюлер и българския пилот с ранг старши първи офицер Марио Бакалов, самолетът докосна пистата на Летище София за първото си историческо посещение след 2 часа и 17 минути във въздуха. Самолетът осъществи специален полет от Франкфурт до България, като отпътува в 10:07 часа сутринта (местно време) и кацна в София точно в 13:24 часа (местно време). Преди да се приземи, двуетажният самолет направи ефектно ниско прелитане над летището и столицата, по време на което бе видян от хиляди хора от различни места на града. Сред официалните гости на изключителната премиера на Airbus A380 на Летище София бяха министърът на транспорта, информационните технологии и съобщенията Ивайло Московски, главният прокурор Сотир Цацаров, началникът на отбраната ген. Константин Попов, командващият на Военновъздушните сили ген.-майор Цанко Стойков и други. А380 остана до 17:00 часа на летище София, давайки възможност на високопоставени официални гости, партньори на Луфтханза и на Летище София, както и на представители на медиите, да посетят самолета и да се убедят в размерите и комфорта на двупалубния пътнически салон, предлагащ 4 различни класи за пътуване. По случай 16 октомври – Празник на авиацията и Военновъздушните сили. Командването на ВВС организира ден на отворени врати в авиобаза Враждебна. Много авиационни фенове се събраха да наблюдават ниското прелитане и кацане на гигантския Airbus А380, който демонстрира мащаба си, маневреността си и безшумния заход за кацане. Капитан Раймунд Мюлер и старши първи офицер Марио Бакалов, единственият български пилот на А380 в Lufthansa, пилотираха А380 от Франкфурт до София. \"Днес моята дългогодишна мечта да пилотирам най-големия пътнически самолет в света до моята родна страна, стана реалност. Това е един много специален момент за мен и е чест и признание, да споделя този миг с всички българи\", каза Марио Бакалов. На специалното събитие присъства и Хайке Бирленбах, Вицепрезидент „Продажби“ за Европа в Lufthansa Group, която пристигна на борда на полета до София. Освен нея, Офер Киш, регионален директор „Продажби“ за Централна и Източна Европа в Lufthansa Group, заедно с делегация от високопоставени лица, клиенти на авиокомпанията и медии от България, имаха възможността да посетят двуетажния самолет, който има капацитета да превози 509 пътника. “Това е наистина забележителен ден за нас. Щастливи сме от огромния интерес към нашия самолет, на който сме свидетели през последните няколко седмици“, каза Александър Толвет, Регионален директор за България, Албания, Македония и Косово, Lufthansa Group. “Със запомнящата се визита на нашия флагман искаме да популяризираме полетите на дълги разстояния с А380 сред клиентите в България“. Airbus А380 е висок над 24 метра и има разпереност от почти 80 метра. Капацитетът на А380 на Lufthansa позволява превозване на почти три пъти повече пътници в рамките на един слот, за разлика от други самолети. В конфигурация от четири модерни пътнически класи, А380 предлага най-широките места във всяка една от тях, просторни и комфортни пътнически салони на две палуби и технологични предимства, които го правят по-щадящ за околната среда. В момента, самолети А380 на Lufthansa летят до Делхи, Шанхай, Хюстън, Маями, Сан Франциско, Лос Анджелис, Хонг-Конг и Сингапур. Събитието за A380 в София можеше да бъде проследено също чрез наскоро създадения Snapchat канал на Lufthansa в социалните медии. Всички A380 фенове имаха възможността да бъдат част от това историческо събитие за България. Добавяйки \"Lufthansa\" като приятел, и влизайки в профила на компанията, те можеха да „посетят“ пилотската кабина на A380 и да видят още много други неща. Новият Snapchat дава възможност на клиентите и приятелите на компанията да видят интересни кадри „зад кулисите“, които никой друг социален канал не може да предостави. Цялото събитие днес в София бе организирано в партньорство с Луфтханза Техник и Летище София.','2016-10-16 23:26:50',0),(348,'Секциите в чужбина остават непроменени, реши ЦИК','Без промяна в броя на секциите в една държава зад граница. Това реши Централната избирателна комисия (ЦИК), предаде \"Нова тв\". Така максималните секции остават 35, въпреки недоволството на българите в чужбина. \r\n\r\nЦентралната избирателна комисия определи окончателно местата в държавите, в които ще се образуват избирателни секции извън страната и броя на избирателните секции във всяко място, при произвеждане на изборите за президент и вицепрезидент на републиката и националния референдум на 6 ноември 2016 г.\r\n\r\nЩе бъдат открити общо 301 секции в 72 държави. Най-много секции ще бъдат открити във Великобритания – 35, САЩ – 35, Турция – 35, Испания – 27, Гърция – 13.\r\n\r\nЗа определяне на броя на секциите във всяка държава били взети предвид мотивираните предложения на ръководителите на дипломатическите и консулските представителства за съответната държава,броя на подадените заявления, географското местоположение на местата и отдалечеността им едно от друго, актуалната численост и разпределението на българската общност в отделните места, предложенията на организациите на българските граждани в чужбина и др.','2016-10-16 23:30:28',0),(349,'Iraqi PM: Operation to drive ISIS out of Mosul is imminent','A long-awaited operation to seize the key Iraqi city of Mosul after two years of ISIS control is imminent, Prime Minister Haider al-Abadi announced Sunday.','2016-10-16 20:22:45',0),(350,'Colin Kaepernick starts first NFL season game since anthem protest','Colin Kaepernick has been named the starter for the San Francisco 49ers against the Buffalo Bills on Sunday.','2016-10-16 20:07:51',0),(351,'От понеделник пускат парното в София','\"Топлофикация София\" ще започне поетапно общото пускане на отоплението в столицата от понеделник, 17 октомври. Това съобщават от дружеството, като уточняват, че решението е взето във връзка с очакваното според метеорологичната прогноза понижение на температурите през следващата седмица.\r\n\r\nТогава щели да бъдат изпълнени двете задължителни условия, при които се пристъпва към общо включване на парното в сградите.\r\n\r\nОтоплението първо ще заработи в детските, учебните и здравните заведения, в които то все още не е пуснато. След това ще продължи поетапно включване в жилищните сгради във всички райони и накрая отоплението ще бъде пуснато в административните сгради.\r\n\r\nОт \"Топлофикация\" напомнят на гражданите да отворят на максимална степен вентилите на радиаторите си. По този начин няма да се налага след пускане на парното, отоплителните тела да се обезвъздушават допълнително. Гражданите трябва да проверят и електронните си уреди за дялово разпределение. Ако дисплеят им е угаснал, трябва незабавно да потърсят съдействие от обслужващата ги фирма - топлинен счетоводител.\r\n\r\nОт дружеството подчертават, че преди да бъде пуснато парното, е важно гражданите да приключат всички ремонти по вътрешната отоплителна инсталация и да запълнят източените инсталации. В сградите, в които вътрешната отоплителна инсталация не е запълнена, парното няма да бъде пуснато. Причината е, че в някое от жилищата имало неприключил ремонт.\r\n\r\nАко има граждани, които желаят парното да се пусне по-късно трябва да подадат заявление и подписано от общото събрание на етажната собственост решение.\r\n\r\nДопълнителна информация може да се получава на кол центъра на компанията 0 700 11 111, уточняват от \"Топлофикация\".','2016-10-16 23:32:52',1),(352,'Промяна в движението на трамвай 11 и 12','Столична община въвежда временна организация на движението във връзка с ремонт на релсов път по маршрута на трамвайни линии № 11 и 12.\r\n\r\nЗа времето от 04.30 часа на 15.10.2016г. (събота) до 18.00 часа на 16.10.2016г. (неделя) се въвежда временна организация на движението:\r\n\r\n трамвайна линия № 11 ще се движи от кв „Княжево” до „Хюндай България“. След 18.00 ч. на 16.10.2016г. (неделя) движението ще се възстановява по постоянния маршрут.\r\n\r\nтрамвайна линия № 12 ще се движи от пл. „Журналист” до „Хюндай България“. След 18.00 часа на 16.10.2016г. (неделя) движението ще се възстановява по постоянния маршрут.\r\n\r\nПо времето на ремонта, картите за пътуване по трамвайни линии №№ 11 и 12 ще важат за автобусни линии №№ 26 и 27 в участъка по бул. „Рожен“ от сп. „Хюндай България“ до сп. ул. „Джерман“.','2016-10-16 23:37:12',0),(353,'Как да бъдем красиви всеки ден?	','1)Използвайте извивачка за мигли\r\nИзвивачка за мигли със списала може да направи чудеса. Не забравяйте да комбинирате двете всеки ден, когато се приготвяте за излизане. Това е страхотен начин да отворите визуално очите, особено за моментите, в които не искате да слагате друг грим.\r\n2. Терапия преди шампоан за косата\r\nДълбоко хидратиращите маски и балсами са чудесни, но е още по-добре, ако ги поставяте поне няколко пъти в седмицата преди да нанесете шампоан. По този начин хидратирате дълбоко корените и краищата, поставяйки добра основа за шампоана.\r\n3. Масаж с четка на сухо\r\nДа масажирате кожата с четка на сухо е страхотен начин с няколко ефекта. Невероятно е за редуциране на целулита и увеличава еластичността на кожата. Започнете от краката и продължете нагоре по цялото тяло като акцентирате специално на частите, които имат нужда от повече внимание.\r\n4. Научете се на постоянен режим\r\nРежимът за лицето променя съществено начина, по който гримът се нанася и колко е дълготраен. Почиствайте, хидратирайте и ексфолирайте кожата ежедневно, за да извадите на преден план естествената си красота и сияйна кожа.\r\n5. Не пропускайте маските за лице\r\nДали ще се спрете само на маски за под очите или на цялостни такива – няма значение. Понякога кожата има нужда от леко „напомняне“ и подсилване с доза витамини и естествени съставки. Така ще си създадете здравословен навик, който ще ви прави по-красиви с времето.','2016-10-16 23:48:32',0),(354,'Предимствата на кофеина за красотата','1. Успокоява възпаления\r\nИма причина, заради която кофеинът е често срещана съставка в козметичните продукти. Обикновено можете да го откриете в козметика, предназначена за намаляване на подувания, подпухване и всякакви други възпалителни процеси. Кафето е пълно с важни антиоксиданти, които могат да предотвратят и забавят увреждането на клетките.\r\n2. Помага за тъмните кръгове\r\nИменно тези противовъзпалителни свойства на кафето са изключително ефективни и в борбата с тъмните кръгове. Кофеинът помага да се намали количеството кръв в торбичките под очите, което е и основният проблем при тъмните кръгове. Освен това кофеинът премахва задържането на вода в организма.\r\n3. Лекува розацея\r\nАко страдате от кожен проблем като розацеята, това може би е вашият лек. Отново заради антиоксидантните свойства, кофеинът има способността да намалява раздразненията и зачервяванията, най-често срещани при розацея.\r\n4. Успокоява щети от слънцето\r\nАнтиоксидантните свойства на кафето са изключително благоприятни за успокояване на кожа, изгоряла под лъчите на слънцето. Кофеинът предпазва от вредните UV лъчи и изследвания сочат, че дори намалява риска от рак на кожата. Нанасяйте го със слънцезащитна козметика за по-голяма защита.\r\n5. Прави кожата гладка\r\nЕдно от най-познатите действия на кафето се открива в терапиите против целулит. Кофеинът дехидратира мастните клетки и стимулира циркулацията на кръв, което прави кожата по-стегната и гладка. Разбира се, трябва да споменем, че ефектът е временен и не може да се разчита само на това за дългосрочни промени.','2016-10-16 23:50:40',1),(355,'Малки промени за голяма красота','1. Използвайте масла\r\nНаучете се да се обръщате към природата при нужда от промяна. Естествените и натурални масла са мултифункционалната съставка, която едновременно добре работи за лице, коса и тяло. Смесвайте смело кокосово масло с бадемово такова или добавете няколко капки към крема си за лице и маската за коса. Със сигурност ще намерите широко приложение и добър ефект.\r\n2. Масаж\r\nДа отделите няколко минути при нанасянето на крем на лицето или лосион на тялото е важно. Използвайте това време за хубав масаж, който не само, че ще задейства и засили кръвообращението, но и ще помогне за абсорбирането на козметичния продукт от кожата.\r\n3. Сресвайте преди баня\r\nВинаги сресвайте дългата коса преди да влезете под душа. Това ще намали вероятността от късане на косъма, защото премахвате заплитанията преди да сте добавили тежест в косъма с вода. Много жени забравят да приложат този трик, като основната причина е липсата на време.\r\n4. Пийте зелен сок\r\nЕдин от най-препоръчваните продукти, свързан с храненето и красотата, е зеленият сок. Той се състои основно от зелени плодове или зеленчуци, като можете да го приготвите и сами у дома. С този тип напитки лесно ще се събудите сутрин и ще дадете свеж старт както на организма, така и на косата си.\r\n5. Подстригвайте редовно\r\nДа премахнете 3-4 сантиметра от коса, която изглежда с цъфтящи и заплетени краища, е жизненоважно и ще създаде огромна разлика за прическата. Освен това, средната дължина е много по-модерна от дългата коса.','2016-10-16 23:52:47',0),(356,'Ядем и стареем!','1. Сода и газирани напитки\r\nКрасивата усмивка може да ни накара да изглеждаме много по-млади, отколкото всъщност сме. За целта обаче, трябва да се грижим за нея. Избягвайте консумацията на газирани напитки, защото те имат високи нива на киселини, разяждащи емайла на зъбите. Освен това, добавете високите нива натрий, който причинява преждевременно състаряване на кожата и се замислете добре преди следващия път, когато ви се прииска да пийнете газирано.\r\n2. Преработено месо\r\nКолбасите, хотдога и наденичките са включени в списъка с храни, които вредят много на красотата. Причината за това са високите нива на сулфити, които се използват като консервант. Те могат да предизвикат раздразнение на кожата и дори възпаление – проблем, който може да бъде упорит и да се отрази на начина, по който изглеждате.\r\n3. Червено месо\r\nПоследни проучвания сочат, че консумирането на твърде много червено месо може да доведе до поява на бръчки. Точното дефиниране на „много“ е повече от веднъж седмично. Този страничен ефект се дължи на креатин, който може да втвърди стените на кръвоносните съдове.\r\n4. Трансмазнини\r\nПродуктите с високо съдържание на трансмазнини влияят на начина, по който изглеждаме. Тяхното съдържание е открито в различни видове маргарини и полуготови храни, а начинът, по който влияят зле се характеризира със запушване на артериите. Придържайте се към консумацията на зехтин, масло, авокадо и кокосово масло.\r\n5. Прости въглехидрати\r\nАко обичате да похапвате често бял хляб или различни видове паста, най-добре спрете, или поне драстично намалете. Такъв тип храни имат висок гликемичен индекс и могат да раздразнят кожата и да повлияят негативно върху производството на колаген. Опитайте се да заместите с пълнозърнести храни.','2016-10-16 23:55:14',0),(357,'fasas','safasf','2016-10-17 01:43:23',0);
/*!40000 ALTER TABLE `news` ENABLE KEYS */;
UNLOCK TABLES;

--
-- Table structure for table `news_has_categories`
--

DROP TABLE IF EXISTS `news_has_categories`;
/*!40101 SET @saved_cs_client     = @@character_set_client */;
/*!40101 SET character_set_client = utf8 */;
CREATE TABLE `news_has_categories` (
  `news_id` int(11) NOT NULL AUTO_INCREMENT,
  `subcategory_id` int(11) NOT NULL,
  PRIMARY KEY (`news_id`,`subcategory_id`),
  KEY `fk_News_has_Categories_News1_idx` (`news_id`),
  KEY `fk_News_has_Categories_Categories1_idx` (`subcategory_id`),
  CONSTRAINT `fk_News_has_Categories_Categories1` FOREIGN KEY (`subcategory_id`) REFERENCES `categories` (`subcategory_id`) ON DELETE NO ACTION ON UPDATE NO ACTION,
  CONSTRAINT `fk_News_has_Categories_News1` FOREIGN KEY (`news_id`) REFERENCES `news` (`id`) ON DELETE NO ACTION ON UPDATE NO ACTION
) ENGINE=InnoDB AUTO_INCREMENT=358 DEFAULT CHARSET=utf8;
/*!40101 SET character_set_client = @saved_cs_client */;

--
-- Dumping data for table `news_has_categories`
--

LOCK TABLES `news_has_categories` WRITE;
/*!40000 ALTER TABLE `news_has_categories` DISABLE KEYS */;
INSERT INTO `news_has_categories` VALUES (59,3),(60,3),(81,11),(82,9),(94,10),(177,1),(178,1),(180,1),(181,1),(182,1),(183,1),(184,1),(185,1),(186,1),(187,1),(188,1),(190,1),(192,1),(193,1),(194,1),(195,1),(196,1),(197,1),(198,1),(199,1),(200,1),(201,1),(202,1),(203,1),(204,1),(205,1),(207,1),(208,1),(209,1),(210,1),(211,1),(212,1),(213,1),(214,1),(216,1),(217,1),(218,1),(222,1),(223,1),(224,1),(225,1),(226,1),(229,16),(230,1),(231,1),(232,1),(233,1),(234,1),(235,1),(236,1),(237,1),(238,1),(239,1),(240,1),(241,1),(242,1),(243,1),(244,1),(245,1),(248,1),(249,1),(250,1),(251,1),(252,1),(254,1),(256,1),(257,1),(258,1),(261,1),(263,1),(264,1),(265,1),(266,1),(272,19),(274,1),(276,1),(277,1),(278,1),(279,1),(280,1),(281,1),(282,1),(283,1),(284,1),(285,1),(286,1),(288,1),(290,1),(291,1),(292,14),(293,16),(294,7),(296,19),(297,5),(298,23),(299,3),(300,7),(301,9),(302,8),(303,8),(311,1),(315,1),(316,1),(318,23),(319,23),(321,16),(322,16),(323,16),(324,26),(325,26),(326,26),(327,1),(328,24),(329,24),(330,24),(331,19),(332,20),(333,20),(334,20),(335,21),(336,21),(337,21),(338,22),(340,3),(341,4),(342,4),(343,4),(344,4),(345,4),(346,5),(347,5),(348,5),(349,1),(350,1),(351,5),(352,5),(353,14),(354,14),(355,14),(356,14),(357,3);
/*!40000 ALTER TABLE `news_has_categories` ENABLE KEYS */;
UNLOCK TABLES;

--
-- Table structure for table `photos`
--

DROP TABLE IF EXISTS `photos`;
/*!40101 SET @saved_cs_client     = @@character_set_client */;
/*!40101 SET character_set_client = utf8 */;
CREATE TABLE `photos` (
  `id` int(11) NOT NULL AUTO_INCREMENT,
  `news_id` int(11) DEFAULT NULL,
  `email_id` int(11) DEFAULT NULL,
  `url` varchar(500) NOT NULL DEFAULT './news_images/icon-default-news.png',
  PRIMARY KEY (`id`),
  UNIQUE KEY `id_UNIQUE` (`id`),
  KEY `fk_table1_News2_idx` (`news_id`),
  KEY `fk_alert_idx` (`email_id`),
  CONSTRAINT `fk_alert` FOREIGN KEY (`email_id`) REFERENCES `emails` (`id`) ON DELETE NO ACTION ON UPDATE NO ACTION,
  CONSTRAINT `fk_table1_News2` FOREIGN KEY (`news_id`) REFERENCES `news` (`id`) ON DELETE NO ACTION ON UPDATE NO ACTION
) ENGINE=InnoDB AUTO_INCREMENT=343 DEFAULT CHARSET=utf8;
/*!40101 SET character_set_client = @saved_cs_client */;

--
-- Dumping data for table `photos`
--

LOCK TABLES `photos` WRITE;
/*!40000 ALTER TABLE `photos` DISABLE KEYS */;
INSERT INTO `photos` VALUES (49,59,NULL,'./news_images/bb.jpg'),(50,60,NULL,'./news_images/plevneliev.jpg'),(68,81,NULL,'./news_images/0000317947-article.jpg'),(69,82,NULL,'./news_images/0000318031-article2.jpg'),(71,94,NULL,'./news_images/0000318081-article2.jpg'),(154,177,NULL,'http://i2.cdn.turner.com/cnnnext/dam/assets/161012111033-02-donald-trump-1012-large-tease.jpg'),(155,178,NULL,'http://i2.cdn.turner.com/cnnnext/dam/assets/161013121419-01-bob-dylan-nobel-prize-restricted-large-tease.jpg'),(157,180,NULL,'http://i2.cdn.turner.com/cnnnext/dam/assets/161012135040-04-thailand-king-bhumibol-adulyadej-1012-large-tease.jpg'),(158,181,NULL,'http://i2.cdn.turner.com/cnnnext/dam/assets/161013093420-01-boston-police-shooting-1013-large-tease.jpg'),(159,182,NULL,'http://i2.cdn.turner.com/cnnnext/dam/assets/160905155226-putin-obama-09-05-large-tease.jpg'),(160,183,NULL,'http://i2.cdn.turner.com/cnnnext/dam/assets/161008094405-german-bomb-suspect-large-tease.jpg'),(161,184,NULL,'http://i2.cdn.turner.com/cnnnext/dam/assets/161013082542-heroin-needle-opioid-image-large-tease.jpg'),(162,185,NULL,'http://i2.cdn.turner.com/cnnnext/dam/assets/150930192501-derrick-rose-injured-again-intv-riley-00001123-large-tease.jpg'),(163,186,NULL,'http://i2.cdn.turner.com/money/dam/assets/161012130800-ymyv-ohio-scott-hammond-solo-780x439.jpg'),(164,187,NULL,'http://i2.cdn.turner.com/cnnnext/dam/assets/161007205917-04-trump-t1-large-tease.jpg'),(165,188,NULL,'http://i2.cdn.turner.com/cnnnext/dam/assets/161011191417-michelle-obama-10-11-large-tease.jpg'),(167,190,NULL,'http://i2.cdn.turner.com/money/dam/assets/161013122239-ken-bone-780x439.jpg'),(169,192,NULL,'http://i2.cdn.turner.com/cnnnext/dam/assets/160719214618-chris-christie-rnc-large-tease.jpg'),(170,193,NULL,'http://i2.cdn.turner.com/cnnnext/dam/assets/161011082929-01-barack-obama-file-large-tease.jpg'),(171,194,NULL,'http://i2.cdn.turner.com/cnnnext/dam/assets/161013072901-donald-trump-october-12-2016-large-tease.jpg'),(172,195,NULL,'http://i2.cdn.turner.com/cnnnext/dam/assets/161013113323-911-operator-arrested-hang-up-callers-pkg-00000628-large-tease.jpg'),(173,196,NULL,'http://i2.cdn.turner.com/cnnnext/dam/assets/161013184919-gorilla-large-tease.jpg'),(174,197,NULL,'http://i2.cdn.turner.com/cnnnext/dam/assets/161013094350-jennifer-palmieri-large-tease.jpg'),(175,198,NULL,'http://i2.cdn.turner.com/cnnnext/dam/assets/161013072901-donald-trump-october-12-2016-large-tease.jpg'),(176,199,NULL,'http://i2.cdn.turner.com/cnnnext/dam/assets/161013173729-donald-trump-accuser-jessica-leeds-anderson-cooper-intvu-sot-tsr-00004026-large-tease.jpg'),(177,200,NULL,'http://i2.cdn.turner.com/cnnnext/dam/assets/161013202741-samantha-holvey-group-large-tease.jpg'),(178,201,NULL,'http://i2.cdn.turner.com/cnnnext/dam/assets/161013094416-03-trump-tease-1013-large-tease.jpg'),(179,202,NULL,'http://i2.cdn.turner.com/money/dam/assets/161011072454-samsung-galaxy-note-recall-2-780x439.jpg'),(180,203,NULL,'http://i2.cdn.turner.com/cnnnext/dam/assets/161012183423-inside-mosul-nick-paton-walsh-pkg-00000110-large-tease.jpg'),(181,204,NULL,'http://i2.cdn.turner.com/cnnnext/dam/assets/161013135027-michelle-obama-1013-large-tease.jpg'),(182,205,NULL,'http://i2.cdn.turner.com/cnnnext/dam/assets/161010110016-trump-clinton-handshake-large-tease.jpg'),(184,207,NULL,'http://i2.cdn.turner.com/money/dam/assets/150909132848-united-regional-jet-780x439.jpg'),(185,208,NULL,'http://i2.cdn.turner.com/cnnnext/dam/assets/161007205917-04-trump-t1-large-tease.jpg'),(186,209,NULL,'http://i2.cdn.turner.com/money/dam/assets/161013171220-trump-rally-supporters-780x439.jpg'),(187,210,NULL,'http://i2.cdn.turner.com/money/dam/assets/161013113853-ymyv-pennyslvania-lisa-780x439.jpg'),(188,211,NULL,'http://i2.cdn.turner.com/cnnnext/dam/assets/160930161105-18-mosul-over-the-decades-large-tease.jpg'),(191,212,NULL,'http://i2.cdn.turner.com/cnnnext/dam/assets/160216213411-barack-obama-donald-trump-composite-large-tease.jpg'),(192,213,NULL,'http://i2.cdn.turner.com/money/dam/assets/161014123025-trump-lohan-stern-780x439.jpg'),(193,214,NULL,'http://i2.cdn.turner.com/cnnnext/dam/assets/161011185632-mike-pence-chides-revolution-if-clinton-wins-sot-00011513-large-tease.jpg'),(195,216,NULL,'http://i2.cdn.turner.com/money/dam/assets/161013183459-american-dream-krista-shockey-780x439.png'),(196,217,NULL,'http://i2.cdn.turner.com/money/dam/assets/161014114524-ken-bone-reddit-780x439.jpg'),(197,218,NULL,'http://i2.cdn.turner.com/cnnnext/dam/assets/161014133057-donald-trump-kristin-anderson-new-accuser-washington-post-00000000-large-tease.jpg'),(201,222,NULL,'http://i2.cdn.turner.com/cnnnext/dam/assets/160201204809-donald-trump-february-1-2016-large-tease.jpg'),(202,223,NULL,'http://i2.cdn.turner.com/cnnnext/dam/assets/161014093642-michelle-obama-slams-trump-large-tease.jpg'),(203,224,NULL,'http://i2.cdn.turner.com/cnnnext/dam/assets/161013122912-north-carolina-flooding-after-image-large-tease.jpg'),(204,225,NULL,'http://i2.cdn.turner.com/cnnnext/dam/assets/161013211152-donald-trump-10-13-large-tease.jpg'),(205,226,NULL,'http://i2.cdn.turner.com/cnnnext/dam/assets/161014113742-obama-protester-go-to-own-rally-00000000-large-tease.jpg'),(208,229,NULL,'./news_images/admin/0000318641-article2[1].jpg-1489484688'),(209,230,NULL,'http://i2.cdn.turner.com/cnnnext/dam/assets/161014133057-donald-trump-kristin-anderson-new-accuser-washington-post-00000000-large-tease.jpg'),(210,231,NULL,'http://i2.cdn.turner.com/cnnnext/dam/assets/161013070444-donald-trump-october-12-2016-large-tease.jpg'),(211,232,NULL,'http://i2.cdn.turner.com/money/dam/assets/161008164244-donald-trump-howard-stern-women-00000000-780x439.jpg'),(212,233,NULL,'http://i2.cdn.turner.com/cnnnext/dam/assets/161009214226-donald-trump-hillary-clinton-01-16-large-tease.jpg'),(213,234,NULL,'http://i2.cdn.turner.com/cnnnext/dam/assets/161009181906-trump-file-1005-large-tease.jpg'),(214,235,NULL,'http://i2.cdn.turner.com/cnnnext/dam/assets/150325082152-social-gfx-cnn-logo-large-169.jpg'),(215,236,NULL,'http://i2.cdn.turner.com/cnnnext/dam/assets/161014161709-al-aqsa-large-tease.jpg'),(216,237,NULL,'http://i2.cdn.turner.com/cnnnext/dam/assets/161012152906-14-mcdonald-family-conjoined-twins-large-tease.jpg'),(217,238,NULL,'http://i2.cdn.turner.com/cnnnext/dam/assets/161013081831-trump-florida-large-tease.jpg'),(218,239,NULL,'http://i2.cdn.turner.com/cnnnext/dam/assets/140604093800-restricted-tiananmen-square-2-t3-entertainment.jpg'),(219,240,NULL,'http://i2.cdn.turner.com/cnnnext/dam/assets/161015032415-pacific-northwest-wind-stom-friday-wa-dnt-00004002-large-tease.jpg'),(220,241,NULL,'http://i2.cdn.turner.com/cnnnext/dam/assets/160420145708-air-conditioner-china-large-tease.jpg'),(221,242,NULL,'http://i2.cdn.turner.com/cnnnext/dam/assets/161015100435-01-lausanne-large-tease.jpg'),(222,243,NULL,'http://i2.cdn.turner.com/cnnnext/dam/assets/161014210054-02-pm-abadi-arrives-in-kirkuk-1014-large-tease.jpg'),(223,244,NULL,'http://i2.cdn.turner.com/cnnnext/dam/assets/161012140916-drone-footage-of-north-carolina-after-hurricane-matthew-orig-00001614-large-tease.jpg'),(224,245,NULL,'http://i2.cdn.turner.com/money/dam/assets/161007103703-your-vote-dan-mizener-facebook-780x439.jpg'),(225,235,NULL,'http://i2.cdn.turner.com/cnnnext/dam/assets/150325082152-social-gfx-cnn-logo-large-169.jpg'),(226,235,NULL,'http://i2.cdn.turner.com/cnnnext/dam/assets/150325082152-social-gfx-cnn-logo-large-169.jpg'),(227,248,NULL,'http://i2.cdn.turner.com/cnnnext/dam/assets/161012183423-inside-mosul-nick-paton-walsh-pkg-00000110-large-tease.jpg'),(228,249,NULL,'http://i2.cdn.turner.com/cnnnext/dam/assets/161014193909-mosque-attack-thwarted-kansas-1014-large-tease.jpg'),(229,250,NULL,'http://i2.cdn.turner.com/cnnnext/dam/assets/161014213149-arianna-zucker-2005-access-hollywood-donald-trump-tape-watching-for-first-time-sot-cooper-ac360-00001515-large-tease.jpg'),(230,251,NULL,'http://i2.cdn.turner.com/cnnnext/dam/assets/161012183423-inside-mosul-nick-paton-walsh-pkg-00000110-large-tease.jpg'),(231,252,NULL,'http://i2.cdn.turner.com/money/dam/assets/161008121530-billy-bush-780x439.jpg'),(233,254,NULL,'http://i2.cdn.turner.com/cnnnext/dam/assets/161015125544-donald-trump-drug-test-before-debate-sot-00000000-large-tease.jpg'),(236,256,NULL,'http://i2.cdn.turner.com/cnnnext/dam/assets/150325082132-social-gfx-breaking-news-large-tease.jpg'),(237,257,NULL,'http://i2.cdn.turner.com/cnnnext/dam/assets/161015084351-donald-trump-oct-13-2016-large-tease.jpg'),(238,258,NULL,'http://i2.cdn.turner.com/cnnnext/dam/assets/160722000512-71-rnc-gallery-0721-large-tease.jpg'),(241,261,NULL,'http://i2.cdn.turner.com/cnnnext/dam/assets/161015142239-la-shooting-image-large-tease.jpg'),(243,263,NULL,'http://i2.cdn.turner.com/cnnnext/dam/assets/161013211154-hillary-clinton-oct-12-large-tease.jpg'),(244,264,NULL,'http://i2.cdn.turner.com/cnnnext/dam/assets/161014193149-donald-trump-miss-utah-temple-taggart-erin-intvu-full-00025704-large-tease.jpg'),(245,265,NULL,'http://i2.cdn.turner.com/cnnnext/dam/assets/161013072901-donald-trump-october-12-2016-large-tease.jpg'),(246,266,NULL,'http://i2.cdn.turner.com/cnnnext/dam/assets/161015084351-donald-trump-oct-13-2016-large-tease.jpg'),(249,NULL,NULL,'./news_images/admin/celebrities-best-worst-feet-photos-pp[1].jpg-1769112384'),(254,272,NULL,'./news_images/admin/-599446720000318796-article2[1].jpg'),(256,274,NULL,'http://i2.cdn.turner.com/cnnnext/dam/assets/161009194706-uss-mason-1009-large-tease.jpg'),(258,276,NULL,'http://i2.cdn.turner.com/cnnnext/dam/assets/161016014832-dennis-byrd-large-tease.jpg'),(259,277,NULL,'http://i2.cdn.turner.com/money/dam/assets/160525151039-peter-thiel-780x439.jpg'),(260,278,NULL,'http://i2.cdn.turner.com/cnnnext/dam/assets/161014203652-04-week-in-politics-1015-large-tease.jpg'),(261,279,NULL,'http://i2.cdn.turner.com/cnnnext/dam/assets/161016020154-san-diego-truck-crash-large-tease.jpg'),(262,280,NULL,'http://i2.cdn.turner.com/cnnnext/dam/assets/161012183423-inside-mosul-nick-paton-walsh-pkg-00000110-large-tease.jpg'),(263,281,NULL,'http://i2.cdn.turner.com/money/dam/assets/161015190802-donald-trump-780x439.jpg'),(264,282,NULL,'http://i2.cdn.turner.com/cnnnext/dam/assets/160115111350-egypt-sinai-clash-map-large-tease.jpeg'),(265,283,NULL,'http://i2.cdn.turner.com/money/dam/assets/161015212833-snl-second-debate-780x439.jpg'),(266,284,NULL,'http://i2.cdn.turner.com/cnnnext/dam/assets/161016071321-snl-2nd-debate-lurking-trump-large-tease.jpg'),(267,285,NULL,'http://i2.cdn.turner.com/cnnnext/dam/assets/161016032312-speedboat-crash-large-tease.jpg'),(268,286,NULL,'http://i2.cdn.turner.com/money/dam/assets/161015212833-snl-second-debate-780x439.jpg'),(272,288,NULL,'http://i2.cdn.turner.com/cnnnext/dam/assets/160803163840-hillary-clinton-donald-trump-faceoff-composite-large-tease.jpg'),(274,290,NULL,'http://i2.cdn.turner.com/cnnnext/dam/assets/161016094517-rudy-giuliani-trump-rigged-election-sotu-sot-00011601-large-tease.jpg'),(275,291,NULL,'http://i2.cdn.turner.com/cnnnext/dam/assets/160719102020-rudy-speech-large-tease.jpg'),(276,292,NULL,'./news_images/admin/8820446560000318761-article2[1].jpg'),(277,293,NULL,'./news_images/admin/-132677968rin4[1].jpeg'),(278,294,NULL,'./news_images/admin/-18647829760000184122-middle[1].jpg'),(279,295,NULL,'./news_images/admin/-4285394080000318781-article2[1].jpg'),(280,296,NULL,'./news_images/admin/-4798211200000318665-article2.jpg'),(281,297,NULL,'./news_images/admin/-6552169760000318810-article2.jpg'),(282,298,NULL,'./news_images/admin/-277401392ekzomars-pusna-aparat-kym-mars-406970.png'),(283,299,NULL,'./news_images/admin/-2913120961473666812-dsc-4015jpg.jpg'),(284,300,NULL,'./news_images/admin/-1946264800mourinho.jpg'),(285,301,NULL,'./news_images/admin/477404240murry.jpg'),(286,302,NULL,'./news_images/admin/-1289924624volley.jpg'),(287,303,NULL,'./news_images/admin/-1262339600147663344814746373403.jpg'),(288,304,NULL,'./news_images/admin/-17517503681476473145gettyimages-592613286.jpg'),(289,304,NULL,'./news_images/admin/-1419319681476473145gettyimages-592613286.jpg'),(290,304,NULL,'./news_images/admin/-973450080gettyimages-592613286.jpg'),(291,304,NULL,'./news_images/admin/1457404400bolt.jpg'),(292,304,NULL,'./news_images/admin/-685042144bolt.jpg'),(295,311,NULL,'http://i2.cdn.turner.com/cnnnext/dam/assets/161016071321-snl-2nd-debate-lurking-trump-large-tease.jpg'),(296,312,NULL,'./news_images/icon-default-news.png'),(297,313,NULL,'./news_images/icon-default-news.png'),(299,315,NULL,'http://i2.cdn.turner.com/money/dam/assets/161016132424-donald-trump-north-carolina-rally-780x439.jpg'),(300,316,NULL,'http://i2.cdn.turner.com/cnnnext/dam/assets/161014184521-exp-gps-maher-clip-trump-after-election-00004501-large-tease.jpg'),(302,318,NULL,'./news_images/admin/3413891761464597205-clipboard01.jpg'),(303,319,NULL,'./news_images/admin/18693819521476344492-shutterstock-117719419.jpg'),(306,321,NULL,'./news_images/admin/-20845157441475355463-shutterstock-66497635.jpg'),(307,322,NULL,'./news_images/admin/7706973921476365502-kusogledstvo-i-kokoscha-slepota.jpg'),(308,323,NULL,'./news_images/admin/-11193507201476296509-1.jpg'),(309,324,NULL,'./news_images/admin/14689922_1347293665294961_563578577_o.jpg'),(310,325,NULL,'./news_images/admin/1808086848intel_deep_leraning.png'),(311,326,NULL,'./news_images/admin/-293182448VMware.AWS_.logos_-300x200.jpg'),(312,327,NULL,'http://i2.cdn.turner.com/cnnnext/dam/assets/161016042911-mosul-isis-battle-preparations-12a-wedeman-lok-00010005-large-tease.jpg'),(313,328,NULL,'./news_images/admin/3819968721003857_635849663102715_137442354_n-300x225.jpg'),(314,329,NULL,'./news_images/admin/1101552696jci-nat-conv-Tendrik-660x330.png'),(315,330,NULL,'./news_images/admin/1370968760ABLE-Mentor_LOGO_FINAL_24.09.20141-768x349.jpg'),(316,331,NULL,'./news_images/admin/-18882126000000226448-article3.jpg'),(317,332,NULL,'./news_images/admin/10872250240000226406-article3.jpg'),(318,333,NULL,'./news_images/admin/-6554890800000226400-article3.jpg'),(319,334,NULL,'./news_images/admin/16236863840000225949-article3.jpg'),(320,335,NULL,'./news_images/admin/-2027772312universal-nvg-pokaza-na-poleto-zemedelska-teh.jpg'),(321,336,NULL,'./news_images/admin/1203905744jtdo81449138711.jpg'),(322,337,NULL,'./news_images/admin/-31856528758cs1439207498.jpg'),(323,338,NULL,'./news_images/admin/-17556298080284204001395139250_568737_600x458.jpg'),(325,340,NULL,'./news_images/admin/627512256plevneliev-bylgariq-nqma-nujda-ot-nestabilnost-406897.png'),(326,341,NULL,'./news_images/admin/-1182270744chastnite-uchilishta-mogat-da-poluchavat-dyrjavni-pari-no-ne-sa-dovolni-ot-usloviqta-406978.png'),(327,342,NULL,'./news_images/admin/-1911491520682862001476444223_568753_600x458.jpg'),(328,343,NULL,'./news_images/admin/-14317715760714786001432459813_568697_600x458.jpg'),(329,344,NULL,'./news_images/admin/-21202229760827427001471544133_568641_600x458.jpg'),(330,345,NULL,'./news_images/admin/14478478160569686001476372582_568589_600x458.jpg'),(331,346,NULL,'./news_images/admin/-720800328865c0c0b4ab0e063e5caa3387c1a8741b120948f1b74d02f936f7c531effa320.jpg'),(332,347,NULL,'./news_images/admin/872853408b2f5ff47436671b6e533d8dc3614845d3d4893419e57449fb290647149f738d4.jpg'),(333,348,NULL,'./news_images/admin/-1848593608izbori.jpg'),(334,349,NULL,'http://i2.cdn.turner.com/cnnnext/dam/assets/161016042911-mosul-isis-battle-preparations-12a-wedeman-lok-00010005-large-tease.jpg'),(335,350,NULL,'http://i2.cdn.turner.com/cnnnext/dam/assets/160928101814-exp-kaepernick-sounds-off-on-presidential-debate-00004311-large-tease.jpg'),(336,351,NULL,'./news_images/admin/-1173635976radator_parno_1.jpg'),(337,352,NULL,'./news_images/admin/310082704tramvaj_ploshtad_makedonia_0.jpg'),(338,353,NULL,'./news_images/admin/-697544384b7525000562caea83757b58689fc2f54.jpg'),(339,354,NULL,'./news_images/admin/-18941667609cd5175309948caa705fff2e8c1eff18.jpg'),(340,355,NULL,'./news_images/admin/-48284290432a9ee568ad096d773a2e12ded4c2a80.jpg'),(341,356,NULL,'./news_images/admin/3642573843f15090cb4dd868d0042757ffcf361cc.jpg'),(342,357,NULL,'./news_images/testbg/-148978797614407726_1335375196480747_796741404_n.jpg');
/*!40000 ALTER TABLE `photos` ENABLE KEYS */;
UNLOCK TABLES;

--
-- Table structure for table `users`
--

DROP TABLE IF EXISTS `users`;
/*!40101 SET @saved_cs_client     = @@character_set_client */;
/*!40101 SET character_set_client = utf8 */;
CREATE TABLE `users` (
  `id` int(11) NOT NULL AUTO_INCREMENT,
  `username` varchar(45) NOT NULL,
  `password` varchar(200) NOT NULL,
  `email` varchar(60) NOT NULL,
  `is_admin` tinyint(1) NOT NULL,
  PRIMARY KEY (`id`),
  UNIQUE KEY `username_UNIQUE` (`username`),
  UNIQUE KEY `email_UNIQUE` (`email`),
  KEY `password` (`password`)
) ENGINE=InnoDB AUTO_INCREMENT=43 DEFAULT CHARSET=utf8;
/*!40101 SET character_set_client = @saved_cs_client */;

--
-- Dumping data for table `users`
--

LOCK TABLES `users` WRITE;
/*!40000 ALTER TABLE `users` DISABLE KEYS */;
INSERT INTO `users` VALUES (4,'Anonymous','Anonymous','anonymous@anonymous.bg',0),(5,'Deleted User','Deleted User','deleted@deleted.bg',0),(26,'mesibg3','84a58aab786e71d6bccf7ecfdffd335d','mesibg2@mail.bg',0),(29,'mesibg4','213e6cca0def32b8b2c8f9faf9e9d57e','asfasn@mail.bg',0),(34,'admin','21232f297a57a5a743894a0e4a801fc3','admin@abv.bg',1),(38,'testbg','68eacb97d86f0c4621fa2b0e17cabd8c','test123@abv.bg',1),(40,'peshoultrasa','0faf8e5c1f1a615eda392c7d7d6b950f','pesho@abv.bg',0),(41,'peshohakera','0faf8e5c1f1a615eda392c7d7d6b950f','peshohakera@abv.bg',0);
/*!40000 ALTER TABLE `users` ENABLE KEYS */;
UNLOCK TABLES;

--
-- Table structure for table `users_has_favourite_news`
--

DROP TABLE IF EXISTS `users_has_favourite_news`;
/*!40101 SET @saved_cs_client     = @@character_set_client */;
/*!40101 SET character_set_client = utf8 */;
CREATE TABLE `users_has_favourite_news` (
  `news_id` int(11) NOT NULL,
  `users_id` int(11) NOT NULL,
  PRIMARY KEY (`news_id`,`users_id`),
  KEY `fk_News_has_Users_Users1_idx` (`users_id`),
  KEY `fk_News_has_Users_News1_idx` (`news_id`),
  CONSTRAINT `fk_News_has_Users_News1` FOREIGN KEY (`news_id`) REFERENCES `news` (`id`) ON DELETE NO ACTION ON UPDATE NO ACTION,
  CONSTRAINT `fk_News_has_Users_Users1` FOREIGN KEY (`users_id`) REFERENCES `users` (`id`) ON DELETE NO ACTION ON UPDATE NO ACTION
) ENGINE=InnoDB DEFAULT CHARSET=utf8;
/*!40101 SET character_set_client = @saved_cs_client */;

--
-- Dumping data for table `users_has_favourite_news`
--

LOCK TABLES `users_has_favourite_news` WRITE;
/*!40000 ALTER TABLE `users_has_favourite_news` DISABLE KEYS */;
/*!40000 ALTER TABLE `users_has_favourite_news` ENABLE KEYS */;
UNLOCK TABLES;
/*!40103 SET TIME_ZONE=@OLD_TIME_ZONE */;

/*!40101 SET SQL_MODE=@OLD_SQL_MODE */;
/*!40014 SET FOREIGN_KEY_CHECKS=@OLD_FOREIGN_KEY_CHECKS */;
/*!40014 SET UNIQUE_CHECKS=@OLD_UNIQUE_CHECKS */;
/*!40101 SET CHARACTER_SET_CLIENT=@OLD_CHARACTER_SET_CLIENT */;
/*!40101 SET CHARACTER_SET_RESULTS=@OLD_CHARACTER_SET_RESULTS */;
/*!40101 SET COLLATION_CONNECTION=@OLD_COLLATION_CONNECTION */;
/*!40111 SET SQL_NOTES=@OLD_SQL_NOTES */;

-- Dump completed on 2016-10-17  3:18:05
